"pred","location","year","cultivar","repetition","GCM","SSP","Time","bloom","Tmean","Tmin","Tmax","frostH0","frostH2.2"
112.125,"CKA",3002,"Bing",1,"MRI-ESM2-0","ssp370",2050,112,8.95863636363636,-2.52,21.99,8,2
103.541666666667,"CKA",3003,"Bing",1,"MRI-ESM2-0","ssp370",2050,104,13.7173863636364,2.7,27.39,0,0
100.333333333333,"CKA",3004,"Bing",1,"MRI-ESM2-0","ssp370",2050,100,13.062803030303,-1.42,27.21,3,0
106.083333333333,"CKA",3005,"Bing",1,"MRI-ESM2-0","ssp370",2050,106,12.9112121212121,3.43,24.44,0,0
102.75,"CKA",3006,"Bing",1,"MRI-ESM2-0","ssp370",2050,103,14.9915909090909,-0.28,32.54,1,0
109.166666666667,"CKA",3007,"Bing",1,"MRI-ESM2-0","ssp370",2050,109,10.5486363636364,-0.74,22.45,3,0
98.625,"CKA",3008,"Bing",1,"MRI-ESM2-0","ssp370",2050,99,14.3291666666667,0.22,27.21,0,0
97.875,"CKA",3009,"Bing",1,"MRI-ESM2-0","ssp370",2050,98,11.5292045454545,0.24,21.05,0,0
113.666666666667,"CKA",3010,"Bing",1,"MRI-ESM2-0","ssp370",2050,114,11.496553030303,-2.45,26.53,11,1
101.166666666667,"CKA",3011,"Bing",1,"MRI-ESM2-0","ssp370",2050,101,12.504696969697,2.27,24.39,0,0
116.25,"CKA",3012,"Bing",1,"MRI-ESM2-0","ssp370",2050,116,10.3214393939394,-1.32,22.59,5,0
119,"CKA",3013,"Bing",1,"MRI-ESM2-0","ssp370",2050,119,8.68867424242424,-4.57,22.17,23,12
106.333333333333,"CKA",3014,"Bing",1,"MRI-ESM2-0","ssp370",2050,106,10.3381818181818,0.95,24.18,0,0
103.25,"CKA",3015,"Bing",1,"MRI-ESM2-0","ssp370",2050,103,11.8510227272727,3.98,25.86,0,0
113.333333333333,"CKA",3016,"Bing",1,"MRI-ESM2-0","ssp370",2050,113,11.3803787878788,-6.1,20.51,8,6
110.125,"CKA",3017,"Bing",1,"MRI-ESM2-0","ssp370",2050,110,9.06481060606061,-8.12,24.67,23,15
106.833333333333,"CKA",3018,"Bing",1,"MRI-ESM2-0","ssp370",2050,107,16.4067045454545,7.01,29.66,0,0
106.208333333333,"CKA",3019,"Bing",1,"MRI-ESM2-0","ssp370",2050,106,15.2943560606061,4.34,27.25,0,0
97.375,"CKA",3020,"Bing",1,"MRI-ESM2-0","ssp370",2050,97,13.9825,4.36,25.64,0,0
111.208333333333,"CKA",3021,"Bing",1,"MRI-ESM2-0","ssp370",2050,111,13.2367803030303,3.48,25.46,0,0
103.083333333333,"CKA",3022,"Bing",1,"MRI-ESM2-0","ssp370",2050,103,13.4214772727273,-0.11,26.5,2,0
107.208333333333,"CKA",3023,"Bing",1,"MRI-ESM2-0","ssp370",2050,107,12.2166287878788,-0.47,23.94,2,0
102,"CKA",3024,"Bing",1,"MRI-ESM2-0","ssp370",2050,102,12.5789393939394,0.74,21.82,0,0
120.041666666667,"CKA",3025,"Bing",1,"MRI-ESM2-0","ssp370",2050,120,14.575946969697,-0.53,31.71,1,0
100,"CKA",3026,"Bing",1,"MRI-ESM2-0","ssp370",2050,100,12.3279166666667,-0.01,21.63,1,0
97.125,"CKA",3027,"Bing",1,"MRI-ESM2-0","ssp370",2050,97,10.0358712121212,1.41,20.45,0,0
103.083333333333,"CKA",3028,"Bing",1,"MRI-ESM2-0","ssp370",2050,103,11.6023484848485,-2.43,22.23,4,1
98.0416666666667,"CKA",3029,"Bing",1,"MRI-ESM2-0","ssp370",2050,98,13.3650378787879,3.49,23.65,0,0
112.166666666667,"CKA",3030,"Bing",1,"MRI-ESM2-0","ssp370",2050,112,8.73575757575758,0.87,20.26,0,0
105.708333333333,"CKA",3031,"Bing",1,"MRI-ESM2-0","ssp370",2050,106,11.118446969697,-1.2,20.57,3,0
107.916666666667,"CKA",3032,"Bing",1,"MRI-ESM2-0","ssp370",2050,108,13.5630303030303,4.33,25.26,0,0
113.666666666667,"CKA",3033,"Bing",1,"MRI-ESM2-0","ssp370",2050,114,13.6144696969697,0.72,25.52,0,0
97.9583333333333,"CKA",3034,"Bing",1,"MRI-ESM2-0","ssp370",2050,98,13.0968939393939,3.53,21.96,0,0
117.166666666667,"CKA",3035,"Bing",1,"MRI-ESM2-0","ssp370",2050,117,12.4429166666667,2.52,25.95,0,0
111.958333333333,"CKA",3036,"Bing",1,"MRI-ESM2-0","ssp370",2050,112,14.17125,1.22,29.82,0,0
110.458333333333,"CKA",3037,"Bing",1,"MRI-ESM2-0","ssp370",2050,110,7.65719696969697,-1.38,16.89,7,0
102.625,"CKA",3038,"Bing",1,"MRI-ESM2-0","ssp370",2050,103,11.2275757575758,0.28,27.22,0,0
115,"CKA",3039,"Bing",1,"MRI-ESM2-0","ssp370",2050,115,10.7793939393939,-0.16,21.38,1,0
102.916666666667,"CKA",3040,"Bing",1,"MRI-ESM2-0","ssp370",2050,103,13.2766666666667,2.55,25.12,0,0
108.666666666667,"CKA",3041,"Bing",1,"MRI-ESM2-0","ssp370",2050,109,13.8364393939394,0.36,26.6,0,0
101.833333333333,"CKA",3042,"Bing",1,"MRI-ESM2-0","ssp370",2050,102,14.4489015151515,3.24,27.96,0,0
105.875,"CKA",3043,"Bing",1,"MRI-ESM2-0","ssp370",2050,106,10.1070454545455,-0.24,19.81,2,0
114.541666666667,"CKA",3044,"Bing",1,"MRI-ESM2-0","ssp370",2050,115,14.0895075757576,-1.25,26.2,4,0
101.416666666667,"CKA",3045,"Bing",1,"MRI-ESM2-0","ssp370",2050,101,14.7735606060606,5.03,24.4,0,0
112.333333333333,"CKA",3046,"Bing",1,"MRI-ESM2-0","ssp370",2050,112,13.7007196969697,-2.18,27.41,5,0
112.208333333333,"CKA",3047,"Bing",1,"MRI-ESM2-0","ssp370",2050,112,15.0806060606061,-1.85,30.95,4,0
95.0416666666667,"CKA",3048,"Bing",1,"MRI-ESM2-0","ssp370",2050,95,11.7123863636364,3.02,21.84,0,0
91.125,"CKA",3049,"Bing",1,"MRI-ESM2-0","ssp370",2050,91,12.4929545454545,0.82,21.19,0,0
124,"CKA",3050,"Bing",1,"MRI-ESM2-0","ssp370",2050,124,14.8334090909091,1.99,25.58,0,0
107.5,"CKA",3051,"Bing",1,"MRI-ESM2-0","ssp370",2050,108,13.1400757575758,4.14,26.48,0,0
113.208333333333,"CKA",3052,"Bing",1,"MRI-ESM2-0","ssp370",2050,113,11.3541666666667,3.79,19.71,0,0
102.833333333333,"CKA",3053,"Bing",1,"MRI-ESM2-0","ssp370",2050,103,8.8132196969697,-2.87,20.1,7,2
93.8333333333333,"CKA",3054,"Bing",1,"MRI-ESM2-0","ssp370",2050,94,12.6724242424242,2.14,21.66,0,0
107.291666666667,"CKA",3055,"Bing",1,"MRI-ESM2-0","ssp370",2050,107,13.5923106060606,-2.48,27.85,4,1
109.333333333333,"CKA",3056,"Bing",1,"MRI-ESM2-0","ssp370",2050,109,13.4526136363636,-0.63,25.91,2,0
101.25,"CKA",3057,"Bing",1,"MRI-ESM2-0","ssp370",2050,101,11.5631060606061,-0.09,26.5,1,0
100.041666666667,"CKA",3058,"Bing",1,"MRI-ESM2-0","ssp370",2050,100,13.3908333333333,3.81,25.94,0,0
107,"CKA",3059,"Bing",1,"MRI-ESM2-0","ssp370",2050,107,11.8405681818182,0.64,21.34,0,0
108.5,"CKA",3060,"Bing",1,"MRI-ESM2-0","ssp370",2050,108,13.2092803030303,-3.77,22.66,12,3
106.125,"CKA",3061,"Bing",1,"MRI-ESM2-0","ssp370",2050,106,13.8992045454545,2.07,24.75,0,0
103,"CKA",3062,"Bing",1,"MRI-ESM2-0","ssp370",2050,103,8.78439393939394,-3.24,20.82,11,4
94.4166666666667,"CKA",3063,"Bing",1,"MRI-ESM2-0","ssp370",2050,94,12.5477651515152,1.05,22.21,0,0
98.5,"CKA",3064,"Bing",1,"MRI-ESM2-0","ssp370",2050,98,14.4009090909091,2.59,26.07,0,0
85.25,"CKA",3065,"Bing",1,"MRI-ESM2-0","ssp370",2050,85,12.1734090909091,-0.46,25.97,1,0
104.416666666667,"CKA",3066,"Bing",1,"MRI-ESM2-0","ssp370",2050,104,13.9003787878788,1.14,29.07,0,0
96.25,"CKA",3067,"Bing",1,"MRI-ESM2-0","ssp370",2050,96,9.65200757575758,-0.81,21.95,3,0
101.833333333333,"CKA",3068,"Bing",1,"MRI-ESM2-0","ssp370",2050,102,8.82098484848485,-13.66,22.26,23,16
97.125,"CKA",3069,"Bing",1,"MRI-ESM2-0","ssp370",2050,97,10.8266287878788,1.82,25.54,0,0
116.291666666667,"CKA",3070,"Bing",1,"MRI-ESM2-0","ssp370",2050,116,8.82291666666667,-4.56,19.35,22,9
105.125,"CKA",3071,"Bing",1,"MRI-ESM2-0","ssp370",2050,105,8.75378787878788,-2.47,23.38,16,3
100.375,"CKA",3072,"Bing",1,"MRI-ESM2-0","ssp370",2050,100,16.2581060606061,2.64,30.21,0,0
106.875,"CKA",3073,"Bing",1,"MRI-ESM2-0","ssp370",2050,107,15.1931818181818,2.02,28.97,0,0
115.25,"CKA",3074,"Bing",1,"MRI-ESM2-0","ssp370",2050,115,11.3962121212121,-0.79,27.69,2,0
90.25,"CKA",3075,"Bing",1,"MRI-ESM2-0","ssp370",2050,90,10.7055681818182,0.08,20.94,0,0
111.375,"CKA",3076,"Bing",1,"MRI-ESM2-0","ssp370",2050,111,13.1973863636364,3.89,23.64,0,0
95.0416666666667,"CKA",3077,"Bing",1,"MRI-ESM2-0","ssp370",2050,95,11.6130303030303,1.1,24.26,0,0
101.333333333333,"CKA",3078,"Bing",1,"MRI-ESM2-0","ssp370",2050,101,11.5127651515152,0.12,23.09,0,0
95.2083333333333,"CKA",3079,"Bing",1,"MRI-ESM2-0","ssp370",2050,95,11.6907954545455,-4.47,23.46,7,4
108.375,"CKA",3080,"Bing",1,"MRI-ESM2-0","ssp370",2050,108,13.2409090909091,-1.13,24.8,3,0
104.125,"CKA",3081,"Bing",1,"MRI-ESM2-0","ssp370",2050,104,10.7187878787879,-3.13,20.29,6,2
98.0833333333333,"CKA",3082,"Bing",1,"MRI-ESM2-0","ssp370",2050,98,14.4632575757576,2.86,28.66,0,0
107.375,"CKA",3083,"Bing",1,"MRI-ESM2-0","ssp370",2050,107,11.9784090909091,0.44,21.82,0,0
109.166666666667,"CKA",3084,"Bing",1,"MRI-ESM2-0","ssp370",2050,109,11.840303030303,-0.9,25.58,3,0
108.916666666667,"CKA",3085,"Bing",1,"MRI-ESM2-0","ssp370",2050,109,15.8403409090909,6.74,26.13,0,0
96.5416666666667,"CKA",3086,"Bing",1,"MRI-ESM2-0","ssp370",2050,97,18.9928787878788,4.27,34.16,0,0
108.166666666667,"CKA",3087,"Bing",1,"MRI-ESM2-0","ssp370",2050,108,11.8648106060606,-0.49,24.09,1,0
102.458333333333,"CKA",3088,"Bing",1,"MRI-ESM2-0","ssp370",2050,102,12.81625,0.85,27.6,0,0
109.25,"CKA",3089,"Bing",1,"MRI-ESM2-0","ssp370",2050,109,11.660946969697,0.16,24.26,0,0
108.25,"CKA",3090,"Bing",1,"MRI-ESM2-0","ssp370",2050,108,14.0138257575758,3.33,22.98,0,0
107.208333333333,"CKA",3091,"Bing",1,"MRI-ESM2-0","ssp370",2050,107,12.1428409090909,-6.3,28.59,14,8
108.25,"CKA",3092,"Bing",1,"MRI-ESM2-0","ssp370",2050,108,13.2676893939394,3.46,26.34,0,0
119.166666666667,"CKA",3093,"Bing",1,"MRI-ESM2-0","ssp370",2050,119,12.1648863636364,-3.14,26.75,6,3
86.4166666666667,"CKA",3094,"Bing",1,"MRI-ESM2-0","ssp370",2050,86,16.2974242424242,4.07,24.33,0,0
118.375,"CKA",3095,"Bing",1,"MRI-ESM2-0","ssp370",2050,118,13.7972727272727,-2.95,29.55,8,3
118.458333333333,"CKA",3096,"Bing",1,"MRI-ESM2-0","ssp370",2050,118,13.1647727272727,1.52,28.96,0,0
108.875,"CKA",3097,"Bing",1,"MRI-ESM2-0","ssp370",2050,109,12.7559848484848,3.88,23.74,0,0
89.1666666666667,"CKA",3098,"Bing",1,"MRI-ESM2-0","ssp370",2050,89,12.0073106060606,-0.52,26.73,3,0
98.0833333333333,"CKA",3099,"Bing",1,"MRI-ESM2-0","ssp370",2050,98,13.8529166666667,1.23,28.25,0,0
102.916666666667,"CKA",3100,"Bing",1,"MRI-ESM2-0","ssp370",2050,103,10.8804166666667,-4.9,21.06,12,4
100.125,"CKA",3002,"Lapins",1,"MRI-ESM2-0","ssp370",2050,100,12.1475378787879,-0.68,24.91,2,0
105,"CKA",3003,"Lapins",1,"MRI-ESM2-0","ssp370",2050,105,13.0254545454545,2.7,27.39,0,0
92.0833333333333,"CKA",3004,"Lapins",1,"MRI-ESM2-0","ssp370",2050,92,13.994696969697,0.95,26.19,0,0
109.125,"CKA",3005,"Lapins",1,"MRI-ESM2-0","ssp370",2050,109,12.0277651515152,0.25,24.44,0,0
103.5,"CKA",3006,"Lapins",1,"MRI-ESM2-0","ssp370",2050,104,14.9623106060606,-0.28,32.54,1,0
115.25,"CKA",3007,"Lapins",1,"MRI-ESM2-0","ssp370",2050,115,12.6811742424242,-0.74,27.22,3,0
95.0416666666667,"CKA",3008,"Lapins",1,"MRI-ESM2-0","ssp370",2050,95,11.3777272727273,-1.16,26.06,3,0
98.2083333333333,"CKA",3009,"Lapins",1,"MRI-ESM2-0","ssp370",2050,98,11.5292045454545,0.24,21.05,0,0
121.791666666667,"CKA",3010,"Lapins",1,"MRI-ESM2-0","ssp370",2050,122,12.1940909090909,-2.45,26.11,9,1
103.291666666667,"CKA",3011,"Lapins",1,"MRI-ESM2-0","ssp370",2050,103,12.7373484848485,2.27,24.39,0,0
114.291666666667,"CKA",3012,"Lapins",1,"MRI-ESM2-0","ssp370",2050,114,9.32984848484849,-4.78,19.2,9,4
121.875,"CKA",3013,"Lapins",1,"MRI-ESM2-0","ssp370",2050,122,10.4509090909091,-4.57,22.17,22,12
113.375,"CKA",3014,"Lapins",1,"MRI-ESM2-0","ssp370",2050,113,11.8201136363636,-0.53,24.18,1,0
113.125,"CKA",3015,"Lapins",1,"MRI-ESM2-0","ssp370",2050,113,8.12560606060606,-3.35,19.92,14,4
99.0416666666667,"CKA",3016,"Lapins",1,"MRI-ESM2-0","ssp370",2050,99,12.2266666666667,0.37,22.43,0,0
115.375,"CKA",3017,"Lapins",1,"MRI-ESM2-0","ssp370",2050,115,12.1012878787879,-1.21,24.67,3,0
108.75,"CKA",3018,"Lapins",1,"MRI-ESM2-0","ssp370",2050,109,15.0044696969697,5.46,27.02,0,0
103.125,"CKA",3019,"Lapins",1,"MRI-ESM2-0","ssp370",2050,103,13.6497348484848,-2.55,25.72,4,1
103.375,"CKA",3020,"Lapins",1,"MRI-ESM2-0","ssp370",2050,103,12.0943560606061,4.36,25.5,0,0
112.166666666667,"CKA",3021,"Lapins",1,"MRI-ESM2-0","ssp370",2050,112,12.7006818181818,3.48,22.79,0,0
105.916666666667,"CKA",3022,"Lapins",1,"MRI-ESM2-0","ssp370",2050,106,12.1422727272727,-0.01,26.5,1,0
90.4583333333333,"CKA",3023,"Lapins",1,"MRI-ESM2-0","ssp370",2050,90,10.6148484848485,-2.27,17.71,6,1
87.9583333333333,"CKA",3024,"Lapins",1,"MRI-ESM2-0","ssp370",2050,88,11.1714393939394,-1.19,20.45,7,0
110.333333333333,"CKA",3025,"Lapins",1,"MRI-ESM2-0","ssp370",2050,110,11.7162121212121,-0.53,25.86,1,0
85.25,"CKA",3026,"Lapins",1,"MRI-ESM2-0","ssp370",2050,85,11.7676893939394,3.88,23.16,0,0
108.125,"CKA",3027,"Lapins",1,"MRI-ESM2-0","ssp370",2050,108,11.5524621212121,1.45,23.57,0,0
109.541666666667,"CKA",3028,"Lapins",1,"MRI-ESM2-0","ssp370",2050,110,11.2373863636364,-2.43,21.83,4,1
94,"CKA",3029,"Lapins",1,"MRI-ESM2-0","ssp370",2050,94,12.5079166666667,3.49,23.65,0,0
101,"CKA",3030,"Lapins",1,"MRI-ESM2-0","ssp370",2050,101,10.3530303030303,0.32,28.68,0,0
106.125,"CKA",3031,"Lapins",1,"MRI-ESM2-0","ssp370",2050,106,11.118446969697,-1.2,20.57,3,0
105.208333333333,"CKA",3032,"Lapins",1,"MRI-ESM2-0","ssp370",2050,105,12.397803030303,-2.48,25.26,4,1
118.25,"CKA",3033,"Lapins",1,"MRI-ESM2-0","ssp370",2050,118,15.4958333333333,0.72,28.67,0,0
99.5,"CKA",3034,"Lapins",1,"MRI-ESM2-0","ssp370",2050,100,13.1767045454545,3.91,21.96,0,0
117.458333333333,"CKA",3035,"Lapins",1,"MRI-ESM2-0","ssp370",2050,117,12.4429166666667,2.52,25.95,0,0
118.083333333333,"CKA",3036,"Lapins",1,"MRI-ESM2-0","ssp370",2050,118,14.1192045454545,-0.31,29.82,1,0
123.166666666667,"CKA",3037,"Lapins",1,"MRI-ESM2-0","ssp370",2050,123,11.6961742424242,-1.94,33.7,7,0
78.2916666666667,"CKA",3038,"Lapins",1,"MRI-ESM2-0","ssp370",2050,78,8.94708333333333,1.24,17.02,0,0
117.25,"CKA",3039,"Lapins",1,"MRI-ESM2-0","ssp370",2050,117,12.0389393939394,-0.16,21.38,1,0
109.833333333333,"CKA",3040,"Lapins",1,"MRI-ESM2-0","ssp370",2050,110,13.0625757575758,1.72,27.15,0,0
105.166666666667,"CKA",3041,"Lapins",1,"MRI-ESM2-0","ssp370",2050,105,13.9934848484848,3.66,26.6,0,0
98.3333333333333,"CKA",3042,"Lapins",1,"MRI-ESM2-0","ssp370",2050,98,11.672196969697,3.24,26,0,0
113.125,"CKA",3043,"Lapins",1,"MRI-ESM2-0","ssp370",2050,113,10.4245833333333,-0.24,26.28,2,0
116.916666666667,"CKA",3044,"Lapins",1,"MRI-ESM2-0","ssp370",2050,117,15.0543939393939,5.42,26.2,0,0
111.125,"CKA",3045,"Lapins",1,"MRI-ESM2-0","ssp370",2050,111,7.51443181818182,-0.46,16.75,2,0
107.166666666667,"CKA",3046,"Lapins",1,"MRI-ESM2-0","ssp370",2050,107,11.5348106060606,-2.18,25.87,5,0
125.708333333333,"CKA",3047,"Lapins",1,"MRI-ESM2-0","ssp370",2050,126,15.8653787878788,2.05,27.02,0,0
106.333333333333,"CKA",3048,"Lapins",1,"MRI-ESM2-0","ssp370",2050,106,11.6574242424242,-1.7,23.41,3,0
107.291666666667,"CKA",3049,"Lapins",1,"MRI-ESM2-0","ssp370",2050,107,9.47765151515152,-7.73,23.64,16,8
128.166666666667,"CKA",3050,"Lapins",1,"MRI-ESM2-0","ssp370",2050,128,15.1976515151515,1.99,25.81,0,0
100.375,"CKA",3051,"Lapins",1,"MRI-ESM2-0","ssp370",2050,100,10.9104924242424,-1.6,26.48,4,0
96.2083333333333,"CKA",3052,"Lapins",1,"MRI-ESM2-0","ssp370",2050,96,11.2542045454545,3.2,24.92,0,0
93.3333333333333,"CKA",3053,"Lapins",1,"MRI-ESM2-0","ssp370",2050,93,10.5257196969697,-2.87,20.38,7,2
100.083333333333,"CKA",3054,"Lapins",1,"MRI-ESM2-0","ssp370",2050,100,12.6412121212121,2.14,21.66,0,0
113.583333333333,"CKA",3055,"Lapins",1,"MRI-ESM2-0","ssp370",2050,114,14.2835606060606,-2.48,28.83,4,1
104.083333333333,"CKA",3056,"Lapins",1,"MRI-ESM2-0","ssp370",2050,104,14.7018939393939,1.45,25.91,0,0
107.333333333333,"CKA",3057,"Lapins",1,"MRI-ESM2-0","ssp370",2050,107,13.2801136363636,-1.39,31.43,4,0
109.916666666667,"CKA",3058,"Lapins",1,"MRI-ESM2-0","ssp370",2050,110,13.2189772727273,1.68,25.21,0,0
110.125,"CKA",3059,"Lapins",1,"MRI-ESM2-0","ssp370",2050,110,11.6218181818182,2.32,21.34,0,0
110.5,"CKA",3060,"Lapins",1,"MRI-ESM2-0","ssp370",2050,110,13.9324621212121,-1.86,22.66,3,0
115.291666666667,"CKA",3061,"Lapins",1,"MRI-ESM2-0","ssp370",2050,115,8.02602272727273,-5.63,18.39,22,9
108.083333333333,"CKA",3062,"Lapins",1,"MRI-ESM2-0","ssp370",2050,108,8.96155303030303,-3.24,20.82,9,4
98,"CKA",3063,"Lapins",1,"MRI-ESM2-0","ssp370",2050,98,13.9138636363636,1.05,24.66,0,0
96.9166666666667,"CKA",3064,"Lapins",1,"MRI-ESM2-0","ssp370",2050,97,14.0814772727273,2.59,24.94,0,0
96.5416666666667,"CKA",3065,"Lapins",1,"MRI-ESM2-0","ssp370",2050,97,11.7340909090909,-0.49,21.23,2,0
109.791666666667,"CKA",3066,"Lapins",1,"MRI-ESM2-0","ssp370",2050,110,18.0175757575758,7.01,29.47,0,0
82.0416666666667,"CKA",3067,"Lapins",1,"MRI-ESM2-0","ssp370",2050,82,9.23753787878788,0.28,21.8,0,0
107,"CKA",3068,"Lapins",1,"MRI-ESM2-0","ssp370",2050,107,9.89325757575758,-2.24,21.8,5,1
105.416666666667,"CKA",3069,"Lapins",1,"MRI-ESM2-0","ssp370",2050,105,9.13518939393939,1.01,18.32,0,0
94.1666666666667,"CKA",3070,"Lapins",1,"MRI-ESM2-0","ssp370",2050,94,4.90079545454545,-6.14,15.55,47,21
99.9583333333333,"CKA",3071,"Lapins",1,"MRI-ESM2-0","ssp370",2050,100,10.7118560606061,-2.47,23.38,8,2
97.7083333333333,"CKA",3072,"Lapins",1,"MRI-ESM2-0","ssp370",2050,98,16.1356818181818,2.64,30.21,0,0
108.5,"CKA",3073,"Lapins",1,"MRI-ESM2-0","ssp370",2050,108,14.9760606060606,2.02,28.97,0,0
105.208333333333,"CKA",3074,"Lapins",1,"MRI-ESM2-0","ssp370",2050,105,13.9956818181818,0.42,31.58,0,0
92.125,"CKA",3075,"Lapins",1,"MRI-ESM2-0","ssp370",2050,92,10.8297348484848,0.08,20.94,0,0
114.041666666667,"CKA",3076,"Lapins",1,"MRI-ESM2-0","ssp370",2050,114,13.2383333333333,-2.42,23.64,4,1
101.125,"CKA",3077,"Lapins",1,"MRI-ESM2-0","ssp370",2050,101,9.21606060606061,-0.92,21.62,2,0
107.875,"CKA",3078,"Lapins",1,"MRI-ESM2-0","ssp370",2050,108,12.2223863636364,0.12,22.46,0,0
77.2916666666667,"CKA",3079,"Lapins",1,"MRI-ESM2-0","ssp370",2050,77,10.7825,-0.39,23.02,1,0
115,"CKA",3080,"Lapins",1,"MRI-ESM2-0","ssp370",2050,115,12.6328409090909,2.63,22.48,0,0
112.25,"CKA",3081,"Lapins",1,"MRI-ESM2-0","ssp370",2050,112,9.14810606060606,-5.79,20.73,23,16
101.5,"CKA",3082,"Lapins",1,"MRI-ESM2-0","ssp370",2050,102,13.4003787878788,0.29,28.66,0,0
103.333333333333,"CKA",3083,"Lapins",1,"MRI-ESM2-0","ssp370",2050,103,11.9994696969697,0.44,24.86,0,0
120.291666666667,"CKA",3084,"Lapins",1,"MRI-ESM2-0","ssp370",2050,120,12.1423863636364,1.06,20.53,0,0
116.166666666667,"CKA",3085,"Lapins",1,"MRI-ESM2-0","ssp370",2050,116,13.6224621212121,6.74,21.45,0,0
111.083333333333,"CKA",3086,"Lapins",1,"MRI-ESM2-0","ssp370",2050,111,12.1082954545455,1.27,24.96,0,0
116.125,"CKA",3087,"Lapins",1,"MRI-ESM2-0","ssp370",2050,116,9.9794696969697,-2.57,21.37,9,1
114.125,"CKA",3088,"Lapins",1,"MRI-ESM2-0","ssp370",2050,114,14.9930303030303,-2.03,27.93,7,0
115.333333333333,"CKA",3089,"Lapins",1,"MRI-ESM2-0","ssp370",2050,115,13.5620075757576,0.16,26.12,0,0
114.708333333333,"CKA",3090,"Lapins",1,"MRI-ESM2-0","ssp370",2050,115,12.7738257575758,2.29,24.86,0,0
118.083333333333,"CKA",3091,"Lapins",1,"MRI-ESM2-0","ssp370",2050,118,12.6781818181818,0.67,26.41,0,0
106.041666666667,"CKA",3092,"Lapins",1,"MRI-ESM2-0","ssp370",2050,106,12.8256060606061,3.46,26.34,0,0
127.791666666667,"CKA",3093,"Lapins",1,"MRI-ESM2-0","ssp370",2050,128,15.9857196969697,1.95,27.49,0,0
96.2916666666667,"CKA",3094,"Lapins",1,"MRI-ESM2-0","ssp370",2050,96,12.0123863636364,-0.41,25.29,1,0
121.416666666667,"CKA",3095,"Lapins",1,"MRI-ESM2-0","ssp370",2050,121,15.8886363636364,1.43,29.55,0,0
114.166666666667,"CKA",3096,"Lapins",1,"MRI-ESM2-0","ssp370",2050,114,10.2568181818182,1.52,26.2,0,0
112.875,"CKA",3097,"Lapins",1,"MRI-ESM2-0","ssp370",2050,113,13.8157954545455,3.86,23.74,0,0
92.0833333333333,"CKA",3098,"Lapins",1,"MRI-ESM2-0","ssp370",2050,92,11.1834090909091,-0.52,26.73,3,0
108.083333333333,"CKA",3099,"Lapins",1,"MRI-ESM2-0","ssp370",2050,108,12.4166287878788,-5.79,26.08,15,7
107,"CKA",3100,"Lapins",1,"MRI-ESM2-0","ssp370",2050,107,11.7383333333333,-0.67,21.06,2,0
105,"CKA",3002,"Van",1,"MRI-ESM2-0","ssp370",2050,105,9.62723484848485,-0.59,20.92,2,0
109.166666666667,"CKA",3003,"Van",1,"MRI-ESM2-0","ssp370",2050,109,10.1017424242424,-5.94,27.39,16,7
100,"CKA",3004,"Van",1,"MRI-ESM2-0","ssp370",2050,100,13.062803030303,-1.42,27.21,3,0
114.875,"CKA",3005,"Van",1,"MRI-ESM2-0","ssp370",2050,115,11.8752651515152,0.25,21.71,0,0
107.375,"CKA",3006,"Van",1,"MRI-ESM2-0","ssp370",2050,107,14.348446969697,5.78,32.54,0,0
118,"CKA",3007,"Van",1,"MRI-ESM2-0","ssp370",2050,118,15.2850757575758,2.1,30.41,0,0
103.125,"CKA",3008,"Van",1,"MRI-ESM2-0","ssp370",2050,103,14.0539015151515,1.88,27.21,0,0
106.333333333333,"CKA",3009,"Van",1,"MRI-ESM2-0","ssp370",2050,106,13.2754166666667,3.15,25.27,0,0
126.416666666667,"CKA",3010,"Van",1,"MRI-ESM2-0","ssp370",2050,126,11.9923863636364,-0.95,24.82,3,0
107.125,"CKA",3011,"Van",1,"MRI-ESM2-0","ssp370",2050,107,12.8964772727273,3.73,23.74,0,0
119.083333333333,"CKA",3012,"Van",1,"MRI-ESM2-0","ssp370",2050,119,12.3409090909091,-1.32,25.26,2,0
126.375,"CKA",3013,"Van",1,"MRI-ESM2-0","ssp370",2050,126,13.2099242424242,0.91,27.55,0,0
118.291666666667,"CKA",3014,"Van",1,"MRI-ESM2-0","ssp370",2050,118,7.77856060606061,-8.81,21.08,27,17
119.541666666667,"CKA",3015,"Van",1,"MRI-ESM2-0","ssp370",2050,120,10.5678787878788,-3.35,22.87,9,4
112.083333333333,"CKA",3016,"Van",1,"MRI-ESM2-0","ssp370",2050,112,11.0038636363636,-6.1,20.51,8,6
119.583333333333,"CKA",3017,"Van",1,"MRI-ESM2-0","ssp370",2050,120,14.0807575757576,1.43,29.11,0,0
113.291666666667,"CKA",3018,"Van",1,"MRI-ESM2-0","ssp370",2050,113,12.8918560606061,0.41,22.7,0,0
108.083333333333,"CKA",3019,"Van",1,"MRI-ESM2-0","ssp370",2050,108,15.1001136363636,4.34,27.25,0,0
108.875,"CKA",3020,"Van",1,"MRI-ESM2-0","ssp370",2050,109,13.5508333333333,-0.17,25.8,1,0
115.333333333333,"CKA",3021,"Van",1,"MRI-ESM2-0","ssp370",2050,115,12.5258712121212,3.82,20.48,0,0
113.916666666667,"CKA",3022,"Van",1,"MRI-ESM2-0","ssp370",2050,114,8.1132196969697,-0.17,22.26,1,0
101.291666666667,"CKA",3023,"Van",1,"MRI-ESM2-0","ssp370",2050,101,8.10890151515152,-10.95,21.11,47,34
97.2083333333333,"CKA",3024,"Van",1,"MRI-ESM2-0","ssp370",2050,97,13.0567803030303,1.32,20.45,0,0
115.208333333333,"CKA",3025,"Van",1,"MRI-ESM2-0","ssp370",2050,115,12.7515151515152,-0.53,25.86,1,0
93.1666666666667,"CKA",3026,"Van",1,"MRI-ESM2-0","ssp370",2050,93,12.3612878787879,-0.01,23.16,1,0
113.708333333333,"CKA",3027,"Van",1,"MRI-ESM2-0","ssp370",2050,114,14.8825,4.25,27.34,0,0
114.75,"CKA",3028,"Van",1,"MRI-ESM2-0","ssp370",2050,115,12.6190909090909,0.87,21.83,0,0
98.5,"CKA",3029,"Van",1,"MRI-ESM2-0","ssp370",2050,98,13.3650378787879,3.49,23.65,0,0
114.041666666667,"CKA",3030,"Van",1,"MRI-ESM2-0","ssp370",2050,114,8.83715909090909,-1.94,20.26,4,0
117.208333333333,"CKA",3031,"Van",1,"MRI-ESM2-0","ssp370",2050,117,8.35575757575758,-1.81,17.66,9,0
110.5,"CKA",3032,"Van",1,"MRI-ESM2-0","ssp370",2050,110,14.7372348484848,4.33,28.09,0,0
123.166666666667,"CKA",3033,"Van",1,"MRI-ESM2-0","ssp370",2050,123,15.1589393939394,0.72,28.67,0,0
103.083333333333,"CKA",3034,"Van",1,"MRI-ESM2-0","ssp370",2050,103,12.8794318181818,4.72,21.44,0,0
123.916666666667,"CKA",3035,"Van",1,"MRI-ESM2-0","ssp370",2050,124,13.0554166666667,2.74,22.93,0,0
123.208333333333,"CKA",3036,"Van",1,"MRI-ESM2-0","ssp370",2050,123,13.7873106060606,-0.31,26.52,1,0
130.333333333333,"CKA",3037,"Van",1,"MRI-ESM2-0","ssp370",2050,130,18.8498863636364,2.86,33.7,0,0
101.208333333333,"CKA",3038,"Van",1,"MRI-ESM2-0","ssp370",2050,101,10.3708712121212,0.28,27.22,0,0
122.958333333333,"CKA",3039,"Van",1,"MRI-ESM2-0","ssp370",2050,123,12.4286742424242,-0.38,22.74,1,0
112.375,"CKA",3040,"Van",1,"MRI-ESM2-0","ssp370",2050,112,14.1036363636364,1.72,28,0,0
113.375,"CKA",3041,"Van",1,"MRI-ESM2-0","ssp370",2050,113,12.550303030303,-5.24,26.6,12,6
104.041666666667,"CKA",3042,"Van",1,"MRI-ESM2-0","ssp370",2050,104,14.8010984848485,3.63,27.96,0,0
122.083333333333,"CKA",3043,"Van",1,"MRI-ESM2-0","ssp370",2050,122,10.5131439393939,-1.29,22.92,2,0
121,"CKA",3044,"Van",1,"MRI-ESM2-0","ssp370",2050,121,15.2475378787879,3.51,26.2,0,0
122.041666666667,"CKA",3045,"Van",1,"MRI-ESM2-0","ssp370",2050,122,10.0830681818182,-4.17,25.8,15,4
112.958333333333,"CKA",3046,"Van",1,"MRI-ESM2-0","ssp370",2050,113,13.7266287878788,-2.18,27.41,5,0
125.958333333333,"CKA",3047,"Van",1,"MRI-ESM2-0","ssp370",2050,126,15.8653787878788,2.05,27.02,0,0
112.125,"CKA",3048,"Van",1,"MRI-ESM2-0","ssp370",2050,112,10.7992424242424,1.74,23.96,0,0
111.458333333333,"CKA",3049,"Van",1,"MRI-ESM2-0","ssp370",2050,111,11.891553030303,-1.67,23.88,3,0
131,"CKA",3050,"Van",1,"MRI-ESM2-0","ssp370",2050,131,16.4576515151515,3.46,28.42,0,0
107.083333333333,"CKA",3051,"Van",1,"MRI-ESM2-0","ssp370",2050,107,13.2330681818182,4.84,26.48,0,0
106,"CKA",3052,"Van",1,"MRI-ESM2-0","ssp370",2050,106,10.3993181818182,1.14,19.47,0,0
107,"CKA",3053,"Van",1,"MRI-ESM2-0","ssp370",2050,107,11.1018560606061,-1.53,21.38,3,0
105.125,"CKA",3054,"Van",1,"MRI-ESM2-0","ssp370",2050,105,10.2160606060606,1.56,19.94,0,0
115.208333333333,"CKA",3055,"Van",1,"MRI-ESM2-0","ssp370",2050,115,14.4676136363636,3.75,28.83,0,0
111.375,"CKA",3056,"Van",1,"MRI-ESM2-0","ssp370",2050,111,13.3639772727273,-0.63,25.91,2,0
111.916666666667,"CKA",3057,"Van",1,"MRI-ESM2-0","ssp370",2050,112,15.8848106060606,-1.39,31.43,3,0
112.291666666667,"CKA",3058,"Van",1,"MRI-ESM2-0","ssp370",2050,112,13.9413257575758,1.68,25.21,0,0
116.5,"CKA",3059,"Van",1,"MRI-ESM2-0","ssp370",2050,116,13.7713636363636,4.53,28.7,0,0
113.583333333333,"CKA",3060,"Van",1,"MRI-ESM2-0","ssp370",2050,114,15.7874242424242,5.94,25.88,0,0
125.041666666667,"CKA",3061,"Van",1,"MRI-ESM2-0","ssp370",2050,125,12.1440151515152,-5.63,21.89,7,6
115.458333333333,"CKA",3062,"Van",1,"MRI-ESM2-0","ssp370",2050,115,12.8870454545455,0.01,26.22,0,0
102.958333333333,"CKA",3063,"Van",1,"MRI-ESM2-0","ssp370",2050,103,12.2973484848485,1.93,24.66,0,0
104.958333333333,"CKA",3064,"Van",1,"MRI-ESM2-0","ssp370",2050,105,14.9375757575758,2.59,27.39,0,0
98.5833333333333,"CKA",3065,"Van",1,"MRI-ESM2-0","ssp370",2050,99,11.7301893939394,-0.49,21.23,2,0
113.875,"CKA",3066,"Van",1,"MRI-ESM2-0","ssp370",2050,114,16.1852272727273,3.2,29.47,0,0
95.2083333333333,"CKA",3067,"Van",1,"MRI-ESM2-0","ssp370",2050,95,9.39291666666667,-0.81,21.95,3,0
114.583333333333,"CKA",3068,"Van",1,"MRI-ESM2-0","ssp370",2050,115,12.7593181818182,1.61,21.58,0,0
114.416666666667,"CKA",3069,"Van",1,"MRI-ESM2-0","ssp370",2050,114,12.5693560606061,-2.47,27.44,12,1
110.041666666667,"CKA",3070,"Van",1,"MRI-ESM2-0","ssp370",2050,110,9.37602272727273,1.69,17.48,0,0
112.166666666667,"CKA",3071,"Van",1,"MRI-ESM2-0","ssp370",2050,112,7.68087121212121,-2.06,19.43,4,0
104,"CKA",3072,"Van",1,"MRI-ESM2-0","ssp370",2050,104,15.3623863636364,1.6,30.21,0,0
112.333333333333,"CKA",3073,"Van",1,"MRI-ESM2-0","ssp370",2050,112,12.2358333333333,1.2,27.53,0,0
113.25,"CKA",3074,"Van",1,"MRI-ESM2-0","ssp370",2050,113,13.0550378787879,-0.79,31.58,2,0
99.0416666666667,"CKA",3075,"Van",1,"MRI-ESM2-0","ssp370",2050,99,11.6629924242424,3.18,20.52,0,0
119.958333333333,"CKA",3076,"Van",1,"MRI-ESM2-0","ssp370",2050,120,14.5798484848485,-2.42,28.16,4,1
111.125,"CKA",3077,"Van",1,"MRI-ESM2-0","ssp370",2050,111,7.71700757575758,-6.37,18.88,24,11
110.833333333333,"CKA",3078,"Van",1,"MRI-ESM2-0","ssp370",2050,111,14.0050378787879,0.12,27.5,0,0
87.125,"CKA",3079,"Van",1,"MRI-ESM2-0","ssp370",2050,87,10.8989393939394,-4.47,23.46,7,4
121.875,"CKA",3080,"Van",1,"MRI-ESM2-0","ssp370",2050,122,10.4605303030303,-4.71,25.92,7,5
118.958333333333,"CKA",3081,"Van",1,"MRI-ESM2-0","ssp370",2050,119,11.3599242424242,-5.79,28.82,25,16
106.125,"CKA",3082,"Van",1,"MRI-ESM2-0","ssp370",2050,106,12.4704924242424,0.29,28.66,0,0
110.458333333333,"CKA",3083,"Van",1,"MRI-ESM2-0","ssp370",2050,110,11.5084848484848,0.44,21.82,0,0
123.291666666667,"CKA",3084,"Van",1,"MRI-ESM2-0","ssp370",2050,123,14.3856439393939,1.06,20.98,0,0
120.375,"CKA",3085,"Van",1,"MRI-ESM2-0","ssp370",2050,120,13.8776136363636,7.34,21.45,0,0
110.833333333333,"CKA",3086,"Van",1,"MRI-ESM2-0","ssp370",2050,111,12.1082954545455,1.27,24.96,0,0
122.125,"CKA",3087,"Van",1,"MRI-ESM2-0","ssp370",2050,122,11.7098863636364,-2.57,26.77,11,1
116.375,"CKA",3088,"Van",1,"MRI-ESM2-0","ssp370",2050,116,16.1385606060606,5.81,27.93,0,0
119.083333333333,"CKA",3089,"Van",1,"MRI-ESM2-0","ssp370",2050,119,14.1374621212121,1.6,26.12,0,0
120.166666666667,"CKA",3090,"Van",1,"MRI-ESM2-0","ssp370",2050,120,14.6075,2.29,26.2,0,0
122.916666666667,"CKA",3091,"Van",1,"MRI-ESM2-0","ssp370",2050,123,13.948446969697,2,26.41,0,0
113.541666666667,"CKA",3092,"Van",1,"MRI-ESM2-0","ssp370",2050,114,14.5489015151515,-1.17,27.13,3,0
129.541666666667,"CKA",3093,"Van",1,"MRI-ESM2-0","ssp370",2050,130,16.8518181818182,4.37,27.49,0,0
99.375,"CKA",3094,"Van",1,"MRI-ESM2-0","ssp370",2050,99,10.0556818181818,-0.87,19.55,4,0
124.458333333333,"CKA",3095,"Van",1,"MRI-ESM2-0","ssp370",2050,124,16.9741287878788,1.43,29.55,0,0
120.333333333333,"CKA",3096,"Van",1,"MRI-ESM2-0","ssp370",2050,120,13.7109090909091,-0.02,28.96,1,0
116.958333333333,"CKA",3097,"Van",1,"MRI-ESM2-0","ssp370",2050,117,11.4262878787879,0.55,23.74,0,0
101,"CKA",3098,"Van",1,"MRI-ESM2-0","ssp370",2050,101,9.44950757575758,-3.05,20.16,6,2
111.25,"CKA",3099,"Van",1,"MRI-ESM2-0","ssp370",2050,111,11.5214772727273,-5.79,26.08,15,7
114.166666666667,"CKA",3100,"Van",1,"MRI-ESM2-0","ssp370",2050,114,11.88875,4.15,23.27,0,0
104.083333333333,"CKA",3002,"Regina",1,"MRI-ESM2-0","ssp370",2050,104,10.24125,-0.59,20.92,2,0
105.291666666667,"CKA",3003,"Regina",1,"MRI-ESM2-0","ssp370",2050,105,13.0254545454545,2.7,27.39,0,0
98.25,"CKA",3004,"Regina",1,"MRI-ESM2-0","ssp370",2050,98,13.8714393939394,0.66,27.21,0,0
109.875,"CKA",3005,"Regina",1,"MRI-ESM2-0","ssp370",2050,110,11.7852272727273,0.25,23.56,0,0
102.833333333333,"CKA",3006,"Regina",1,"MRI-ESM2-0","ssp370",2050,103,14.9915909090909,-0.28,32.54,1,0
115.333333333333,"CKA",3007,"Regina",1,"MRI-ESM2-0","ssp370",2050,115,12.6811742424242,-0.74,27.22,3,0
100.375,"CKA",3008,"Regina",1,"MRI-ESM2-0","ssp370",2050,100,14.8542803030303,0.22,27.21,0,0
105.125,"CKA",3009,"Regina",1,"MRI-ESM2-0","ssp370",2050,105,13.2158333333333,1.11,25.27,0,0
121.166666666667,"CKA",3010,"Regina",1,"MRI-ESM2-0","ssp370",2050,121,11.7032575757576,-2.45,26.11,14,1
104.916666666667,"CKA",3011,"Regina",1,"MRI-ESM2-0","ssp370",2050,105,12.9290909090909,2.27,24.39,0,0
118.125,"CKA",3012,"Regina",1,"MRI-ESM2-0","ssp370",2050,118,11.8091287878788,-1.32,24.84,5,0
125.541666666667,"CKA",3013,"Regina",1,"MRI-ESM2-0","ssp370",2050,126,13.2099242424242,0.91,27.55,0,0
117,"CKA",3014,"Regina",1,"MRI-ESM2-0","ssp370",2050,117,8.18367424242424,-8.81,22.61,27,17
118.041666666667,"CKA",3015,"Regina",1,"MRI-ESM2-0","ssp370",2050,118,9.53829545454546,-3.35,22.87,13,4
112.291666666667,"CKA",3016,"Regina",1,"MRI-ESM2-0","ssp370",2050,112,11.0038636363636,-6.1,20.51,8,6
118.083333333333,"CKA",3017,"Regina",1,"MRI-ESM2-0","ssp370",2050,118,12.9060227272727,-1.21,22.28,3,0
107.916666666667,"CKA",3018,"Regina",1,"MRI-ESM2-0","ssp370",2050,108,15.7577651515152,5.46,29.66,0,0
109.458333333333,"CKA",3019,"Regina",1,"MRI-ESM2-0","ssp370",2050,109,14.9589772727273,4.34,27.25,0,0
105.458333333333,"CKA",3020,"Regina",1,"MRI-ESM2-0","ssp370",2050,105,13.0252651515152,4.36,25.5,0,0
113.25,"CKA",3021,"Regina",1,"MRI-ESM2-0","ssp370",2050,113,12.5217424242424,3.48,21.19,0,0
106.875,"CKA",3022,"Regina",1,"MRI-ESM2-0","ssp370",2050,107,11.5180303030303,-0.01,26.5,1,0
101.375,"CKA",3023,"Regina",1,"MRI-ESM2-0","ssp370",2050,101,8.10890151515152,-10.95,21.11,47,34
96.9166666666667,"CKA",3024,"Regina",1,"MRI-ESM2-0","ssp370",2050,97,13.0567803030303,1.32,20.45,0,0
111.166666666667,"CKA",3025,"Regina",1,"MRI-ESM2-0","ssp370",2050,111,12.1464772727273,-0.53,25.86,1,0
91.375,"CKA",3026,"Regina",1,"MRI-ESM2-0","ssp370",2050,91,12.7510227272727,3.88,23.16,0,0
112,"CKA",3027,"Regina",1,"MRI-ESM2-0","ssp370",2050,112,13.879696969697,1.45,25.9,0,0
112.916666666667,"CKA",3028,"Regina",1,"MRI-ESM2-0","ssp370",2050,113,12.1709090909091,-2.43,21.83,4,1
98.625,"CKA",3029,"Regina",1,"MRI-ESM2-0","ssp370",2050,99,13.0268181818182,2.5,23.65,0,0
112.041666666667,"CKA",3030,"Regina",1,"MRI-ESM2-0","ssp370",2050,112,8.73575757575758,0.87,20.26,0,0
121.208333333333,"CKA",3031,"Regina",1,"MRI-ESM2-0","ssp370",2050,121,8.41734848484849,-2.85,21.77,14,1
110.208333333333,"CKA",3032,"Regina",1,"MRI-ESM2-0","ssp370",2050,110,14.7372348484848,4.33,28.09,0,0
120.166666666667,"CKA",3033,"Regina",1,"MRI-ESM2-0","ssp370",2050,120,15.2639772727273,0.72,28.67,0,0
98.9166666666667,"CKA",3034,"Regina",1,"MRI-ESM2-0","ssp370",2050,99,12.9505303030303,3.53,21.96,0,0
122,"CKA",3035,"Regina",1,"MRI-ESM2-0","ssp370",2050,122,12.9702651515152,2.74,25.95,0,0
118.333333333333,"CKA",3036,"Regina",1,"MRI-ESM2-0","ssp370",2050,118,14.1192045454545,-0.31,29.82,1,0
127.958333333333,"CKA",3037,"Regina",1,"MRI-ESM2-0","ssp370",2050,128,17.1729545454545,-1.32,33.7,2,0
103.416666666667,"CKA",3038,"Regina",1,"MRI-ESM2-0","ssp370",2050,103,11.2275757575758,0.28,27.22,0,0
125,"CKA",3039,"Regina",1,"MRI-ESM2-0","ssp370",2050,125,12.9293181818182,-0.38,24.6,1,0
110.375,"CKA",3040,"Regina",1,"MRI-ESM2-0","ssp370",2050,110,13.0625757575758,1.72,27.15,0,0
111.291666666667,"CKA",3041,"Regina",1,"MRI-ESM2-0","ssp370",2050,111,12.6289772727273,-5.24,26.6,12,6
103.416666666667,"CKA",3042,"Regina",1,"MRI-ESM2-0","ssp370",2050,103,14.7753787878788,3.63,27.96,0,0
121.125,"CKA",3043,"Regina",1,"MRI-ESM2-0","ssp370",2050,121,10.4132954545455,-1.29,22.92,2,0
119.041666666667,"CKA",3044,"Regina",1,"MRI-ESM2-0","ssp370",2050,119,15.6025378787879,5.01,26.2,0,0
119.166666666667,"CKA",3045,"Regina",1,"MRI-ESM2-0","ssp370",2050,119,9.18859848484849,-4.17,20.05,15,4
108.375,"CKA",3046,"Regina",1,"MRI-ESM2-0","ssp370",2050,108,12.5288257575758,-2.18,27.41,5,0
119.375,"CKA",3047,"Regina",1,"MRI-ESM2-0","ssp370",2050,119,14.7794696969697,-1.85,29.4,4,0
109.958333333333,"CKA",3048,"Regina",1,"MRI-ESM2-0","ssp370",2050,110,10.2143560606061,-1.7,23.41,3,0
110,"CKA",3049,"Regina",1,"MRI-ESM2-0","ssp370",2050,110,11.5247727272727,-1.67,23.85,3,0
130.958333333333,"CKA",3050,"Regina",1,"MRI-ESM2-0","ssp370",2050,131,16.4576515151515,3.46,28.42,0,0
106.583333333333,"CKA",3051,"Regina",1,"MRI-ESM2-0","ssp370",2050,107,13.2330681818182,4.84,26.48,0,0
105,"CKA",3052,"Regina",1,"MRI-ESM2-0","ssp370",2050,105,10.0557954545455,1.14,16.64,0,0
108.25,"CKA",3053,"Regina",1,"MRI-ESM2-0","ssp370",2050,108,11.544696969697,-1.53,24.01,3,0
105.166666666667,"CKA",3054,"Regina",1,"MRI-ESM2-0","ssp370",2050,105,10.2160606060606,1.56,19.94,0,0
112.041666666667,"CKA",3055,"Regina",1,"MRI-ESM2-0","ssp370",2050,112,14.0767045454545,-2.48,28.83,4,1
112.166666666667,"CKA",3056,"Regina",1,"MRI-ESM2-0","ssp370",2050,112,13.4979166666667,-0.63,25.91,2,0
108.291666666667,"CKA",3057,"Regina",1,"MRI-ESM2-0","ssp370",2050,108,14.1471590909091,-1.39,31.43,4,0
109.083333333333,"CKA",3058,"Regina",1,"MRI-ESM2-0","ssp370",2050,109,13.474053030303,1.68,25.21,0,0
115.916666666667,"CKA",3059,"Regina",1,"MRI-ESM2-0","ssp370",2050,116,13.7713636363636,4.53,28.7,0,0
112.958333333333,"CKA",3060,"Regina",1,"MRI-ESM2-0","ssp370",2050,113,15.7094318181818,5.94,25.88,0,0
120.208333333333,"CKA",3061,"Regina",1,"MRI-ESM2-0","ssp370",2050,120,8.71977272727273,-5.63,18.21,19,9
114.375,"CKA",3062,"Regina",1,"MRI-ESM2-0","ssp370",2050,114,12.373446969697,0.01,26.22,0,0
101.041666666667,"CKA",3063,"Regina",1,"MRI-ESM2-0","ssp370",2050,101,12.8893560606061,1.93,24.66,0,0
103,"CKA",3064,"Regina",1,"MRI-ESM2-0","ssp370",2050,103,14.6523106060606,2.59,26.07,0,0
96.9583333333333,"CKA",3065,"Regina",1,"MRI-ESM2-0","ssp370",2050,97,11.7340909090909,-0.49,21.23,2,0
109.333333333333,"CKA",3066,"Regina",1,"MRI-ESM2-0","ssp370",2050,109,17.9259090909091,7.01,29.07,0,0
96.2916666666667,"CKA",3067,"Regina",1,"MRI-ESM2-0","ssp370",2050,96,9.65200757575758,-0.81,21.95,3,0
114.541666666667,"CKA",3068,"Regina",1,"MRI-ESM2-0","ssp370",2050,115,12.7593181818182,1.61,21.58,0,0
112.916666666667,"CKA",3069,"Regina",1,"MRI-ESM2-0","ssp370",2050,113,12.1870454545455,-2.47,27.44,12,1
116.125,"CKA",3070,"Regina",1,"MRI-ESM2-0","ssp370",2050,116,8.82291666666667,-4.56,19.35,22,9
112.041666666667,"CKA",3071,"Regina",1,"MRI-ESM2-0","ssp370",2050,112,7.68087121212121,-2.06,19.43,4,0
99.875,"CKA",3072,"Regina",1,"MRI-ESM2-0","ssp370",2050,100,16.2581060606061,2.64,30.21,0,0
109.083333333333,"CKA",3073,"Regina",1,"MRI-ESM2-0","ssp370",2050,109,14.3500378787879,2.54,27.93,0,0
110.458333333333,"CKA",3074,"Regina",1,"MRI-ESM2-0","ssp370",2050,110,14.6899621212121,3.1,31.58,0,0
100.958333333333,"CKA",3075,"Regina",1,"MRI-ESM2-0","ssp370",2050,101,11.1009090909091,3.18,20.52,0,0
119.083333333333,"CKA",3076,"Regina",1,"MRI-ESM2-0","ssp370",2050,119,14.5167803030303,-2.42,28.16,4,1
109.291666666667,"CKA",3077,"Regina",1,"MRI-ESM2-0","ssp370",2050,109,7.44106060606061,-6.37,18.88,24,11
109.166666666667,"CKA",3078,"Regina",1,"MRI-ESM2-0","ssp370",2050,109,12.037196969697,0.12,22.46,0,0
86.375,"CKA",3079,"Regina",1,"MRI-ESM2-0","ssp370",2050,86,10.7481060606061,-4.47,22.86,7,4
114.083333333333,"CKA",3080,"Regina",1,"MRI-ESM2-0","ssp370",2050,114,13.2473484848485,2.63,22.48,0,0
117.166666666667,"CKA",3081,"Regina",1,"MRI-ESM2-0","ssp370",2050,117,10.6298484848485,-5.79,28.82,25,16
103.208333333333,"CKA",3082,"Regina",1,"MRI-ESM2-0","ssp370",2050,103,13.4139015151515,0.29,28.66,0,0
113.291666666667,"CKA",3083,"Regina",1,"MRI-ESM2-0","ssp370",2050,113,10.7885984848485,1.36,17.72,0,0
122.416666666667,"CKA",3084,"Regina",1,"MRI-ESM2-0","ssp370",2050,122,13.8201136363636,1.06,20.98,0,0
117.291666666667,"CKA",3085,"Regina",1,"MRI-ESM2-0","ssp370",2050,117,13.4990909090909,7.34,21.45,0,0
99,"CKA",3086,"Regina",1,"MRI-ESM2-0","ssp370",2050,99,17.8771212121212,4.27,34.16,0,0
122.125,"CKA",3087,"Regina",1,"MRI-ESM2-0","ssp370",2050,122,11.7098863636364,-2.57,26.77,11,1
112.958333333333,"CKA",3088,"Regina",1,"MRI-ESM2-0","ssp370",2050,113,13.9936363636364,-3.7,27.93,14,3
117.958333333333,"CKA",3089,"Regina",1,"MRI-ESM2-0","ssp370",2050,118,14.3641287878788,1.6,26.12,0,0
118.208333333333,"CKA",3090,"Regina",1,"MRI-ESM2-0","ssp370",2050,118,13.4729166666667,2.29,26.2,0,0
121.041666666667,"CKA",3091,"Regina",1,"MRI-ESM2-0","ssp370",2050,121,13.5613257575758,2,26.41,0,0
112.333333333333,"CKA",3092,"Regina",1,"MRI-ESM2-0","ssp370",2050,112,14.3200378787879,-1.17,27.13,3,0
127.083333333333,"CKA",3093,"Regina",1,"MRI-ESM2-0","ssp370",2050,127,15.2168560606061,1.95,27.49,0,0
91.375,"CKA",3094,"Regina",1,"MRI-ESM2-0","ssp370",2050,91,14.1857196969697,3.64,25.29,0,0
122.208333333333,"CKA",3095,"Regina",1,"MRI-ESM2-0","ssp370",2050,122,16.5760606060606,1.43,29.55,0,0
119.958333333333,"CKA",3096,"Regina",1,"MRI-ESM2-0","ssp370",2050,120,13.7109090909091,-0.02,28.96,1,0
115.75,"CKA",3097,"Regina",1,"MRI-ESM2-0","ssp370",2050,116,11.8969318181818,1.37,23.74,0,0
100.125,"CKA",3098,"Regina",1,"MRI-ESM2-0","ssp370",2050,100,9.62026515151515,0.37,19.72,0,0
104.333333333333,"CKA",3099,"Regina",1,"MRI-ESM2-0","ssp370",2050,104,15.0316666666667,-0.03,28.25,1,0
114.5,"CKA",3100,"Regina",1,"MRI-ESM2-0","ssp370",2050,114,11.88875,4.15,23.27,0,0
99.25,"CKA",3002,"Schneiders",1,"MRI-ESM2-0","ssp370",2050,99,11.9011742424242,-1.31,24.91,5,0
103.541666666667,"CKA",3003,"Schneiders",1,"MRI-ESM2-0","ssp370",2050,104,13.7173863636364,2.7,27.39,0,0
94.0416666666667,"CKA",3004,"Schneiders",1,"MRI-ESM2-0","ssp370",2050,94,14.7589772727273,2.63,27.21,0,0
107,"CKA",3005,"Schneiders",1,"MRI-ESM2-0","ssp370",2050,107,12.5680303030303,3.39,24.44,0,0
102.375,"CKA",3006,"Schneiders",1,"MRI-ESM2-0","ssp370",2050,102,14.5785606060606,-0.28,32.54,1,0
112.166666666667,"CKA",3007,"Schneiders",1,"MRI-ESM2-0","ssp370",2050,112,10.9289015151515,-0.74,22.45,3,0
96.0416666666667,"CKA",3008,"Schneiders",1,"MRI-ESM2-0","ssp370",2050,96,11.7498484848485,-1.16,26.06,3,0
99.4583333333333,"CKA",3009,"Schneiders",1,"MRI-ESM2-0","ssp370",2050,99,11.8816287878788,1.11,21.05,0,0
119.375,"CKA",3010,"Schneiders",1,"MRI-ESM2-0","ssp370",2050,119,11.4239772727273,-2.45,26.11,11,1
101.375,"CKA",3011,"Schneiders",1,"MRI-ESM2-0","ssp370",2050,101,12.504696969697,2.27,24.39,0,0
112.875,"CKA",3012,"Schneiders",1,"MRI-ESM2-0","ssp370",2050,113,9.50693181818182,-4.78,23.45,12,5
121.291666666667,"CKA",3013,"Schneiders",1,"MRI-ESM2-0","ssp370",2050,121,9.53185606060606,-4.57,22.17,23,12
111.041666666667,"CKA",3014,"Schneiders",1,"MRI-ESM2-0","ssp370",2050,111,11.5819318181818,0.3,24.18,0,0
108.458333333333,"CKA",3015,"Schneiders",1,"MRI-ESM2-0","ssp370",2050,108,11.2225757575758,-0.13,25.86,1,0
100.916666666667,"CKA",3016,"Schneiders",1,"MRI-ESM2-0","ssp370",2050,101,11.5950378787879,0.37,22.43,0,0
115.083333333333,"CKA",3017,"Schneiders",1,"MRI-ESM2-0","ssp370",2050,115,12.1012878787879,-1.21,24.67,3,0
106.333333333333,"CKA",3018,"Schneiders",1,"MRI-ESM2-0","ssp370",2050,106,16.7193939393939,5.06,29.66,0,0
103.5,"CKA",3019,"Schneiders",1,"MRI-ESM2-0","ssp370",2050,104,14.3541666666667,-2.55,27.15,4,1
102.208333333333,"CKA",3020,"Schneiders",1,"MRI-ESM2-0","ssp370",2050,102,12.0952272727273,4.36,23.02,0,0
111.041666666667,"CKA",3021,"Schneiders",1,"MRI-ESM2-0","ssp370",2050,111,13.2367803030303,3.48,25.46,0,0
105,"CKA",3022,"Schneiders",1,"MRI-ESM2-0","ssp370",2050,105,12.9159848484848,-0.01,26.5,1,0
93.125,"CKA",3023,"Schneiders",1,"MRI-ESM2-0","ssp370",2050,93,8.48382575757576,-10.95,19.75,36,23
92.25,"CKA",3024,"Schneiders",1,"MRI-ESM2-0","ssp370",2050,92,11.0509090909091,-1.19,20.45,7,0
109.416666666667,"CKA",3025,"Schneiders",1,"MRI-ESM2-0","ssp370",2050,109,11.2949242424242,2.48,25.86,0,0
86.5833333333333,"CKA",3026,"Schneiders",1,"MRI-ESM2-0","ssp370",2050,87,12.0813257575758,3.88,23.16,0,0
109.166666666667,"CKA",3027,"Schneiders",1,"MRI-ESM2-0","ssp370",2050,109,12.3877272727273,1.45,25.9,0,0
109.25,"CKA",3028,"Schneiders",1,"MRI-ESM2-0","ssp370",2050,109,11.1872348484848,-2.43,22.14,4,1
95.0833333333333,"CKA",3029,"Schneiders",1,"MRI-ESM2-0","ssp370",2050,95,12.7628409090909,3.49,23.65,0,0
100.083333333333,"CKA",3030,"Schneiders",1,"MRI-ESM2-0","ssp370",2050,100,10.4570454545455,0.71,28.68,0,0
107.208333333333,"CKA",3031,"Schneiders",1,"MRI-ESM2-0","ssp370",2050,107,10.5667045454545,-1.2,20.57,3,0
107.291666666667,"CKA",3032,"Schneiders",1,"MRI-ESM2-0","ssp370",2050,107,12.9553787878788,-2.48,25.26,4,1
117.25,"CKA",3033,"Schneiders",1,"MRI-ESM2-0","ssp370",2050,117,15.3351136363636,0.72,28.67,0,0
98.0833333333333,"CKA",3034,"Schneiders",1,"MRI-ESM2-0","ssp370",2050,98,13.0968939393939,3.53,21.96,0,0
116.833333333333,"CKA",3035,"Schneiders",1,"MRI-ESM2-0","ssp370",2050,117,12.4429166666667,2.52,25.95,0,0
116.166666666667,"CKA",3036,"Schneiders",1,"MRI-ESM2-0","ssp370",2050,116,14.5528409090909,1.61,29.82,0,0
125.166666666667,"CKA",3037,"Schneiders",1,"MRI-ESM2-0","ssp370",2050,125,13.9445454545455,-1.94,33.7,7,0
87.125,"CKA",3038,"Schneiders",1,"MRI-ESM2-0","ssp370",2050,87,9.20102272727273,-0.35,18.68,1,0
118.5,"CKA",3039,"Schneiders",1,"MRI-ESM2-0","ssp370",2050,118,12.287196969697,5.07,21.38,0,0
106.958333333333,"CKA",3040,"Schneiders",1,"MRI-ESM2-0","ssp370",2050,107,12.3779545454545,1.72,23.41,0,0
107.291666666667,"CKA",3041,"Schneiders",1,"MRI-ESM2-0","ssp370",2050,107,14.6770833333333,6.82,26.6,0,0
99.25,"CKA",3042,"Schneiders",1,"MRI-ESM2-0","ssp370",2050,99,12.3839015151515,3.24,27.52,0,0
113.416666666667,"CKA",3043,"Schneiders",1,"MRI-ESM2-0","ssp370",2050,113,10.4245833333333,-0.24,26.28,2,0
117.125,"CKA",3044,"Schneiders",1,"MRI-ESM2-0","ssp370",2050,117,15.0543939393939,5.42,26.2,0,0
105.916666666667,"CKA",3045,"Schneiders",1,"MRI-ESM2-0","ssp370",2050,106,10.5746590909091,-0.46,22.55,2,0
106,"CKA",3046,"Schneiders",1,"MRI-ESM2-0","ssp370",2050,106,10.9763636363636,-2.18,25.87,5,0
120.083333333333,"CKA",3047,"Schneiders",1,"MRI-ESM2-0","ssp370",2050,120,15.6605303030303,-1.85,29.4,4,0
106.166666666667,"CKA",3048,"Schneiders",1,"MRI-ESM2-0","ssp370",2050,106,11.6574242424242,-1.7,23.41,3,0
105.333333333333,"CKA",3049,"Schneiders",1,"MRI-ESM2-0","ssp370",2050,105,8.2475,-7.73,23.64,17,8
126.666666666667,"CKA",3050,"Schneiders",1,"MRI-ESM2-0","ssp370",2050,127,15.3827651515152,1.99,25.81,0,0
101.583333333333,"CKA",3051,"Schneiders",1,"MRI-ESM2-0","ssp370",2050,102,12.5629924242424,0.12,26.48,0,0
96.125,"CKA",3052,"Schneiders",1,"MRI-ESM2-0","ssp370",2050,96,11.2542045454545,3.2,24.92,0,0
96.2083333333333,"CKA",3053,"Schneiders",1,"MRI-ESM2-0","ssp370",2050,96,8.86666666666667,-2.87,18.24,7,2
100.666666666667,"CKA",3054,"Schneiders",1,"MRI-ESM2-0","ssp370",2050,101,12.1652651515152,2.14,21.66,0,0
110,"CKA",3055,"Schneiders",1,"MRI-ESM2-0","ssp370",2050,110,13.800303030303,-2.48,28.83,4,1
105.041666666667,"CKA",3056,"Schneiders",1,"MRI-ESM2-0","ssp370",2050,105,14.6822348484848,1.45,25.91,0,0
105.291666666667,"CKA",3057,"Schneiders",1,"MRI-ESM2-0","ssp370",2050,105,11.8796212121212,-1.39,26.84,4,0
107.25,"CKA",3058,"Schneiders",1,"MRI-ESM2-0","ssp370",2050,107,13.4075378787879,1.68,25.21,0,0
111,"CKA",3059,"Schneiders",1,"MRI-ESM2-0","ssp370",2050,111,11.9275,2.32,21.98,0,0
110.291666666667,"CKA",3060,"Schneiders",1,"MRI-ESM2-0","ssp370",2050,110,13.9324621212121,-1.86,22.66,3,0
113.958333333333,"CKA",3061,"Schneiders",1,"MRI-ESM2-0","ssp370",2050,114,8.30454545454545,-3.64,18.39,15,3
108.166666666667,"CKA",3062,"Schneiders",1,"MRI-ESM2-0","ssp370",2050,108,8.96155303030303,-3.24,20.82,9,4
97.875,"CKA",3063,"Schneiders",1,"MRI-ESM2-0","ssp370",2050,98,13.9138636363636,1.05,24.66,0,0
97.5,"CKA",3064,"Schneiders",1,"MRI-ESM2-0","ssp370",2050,98,14.4009090909091,2.59,26.07,0,0
91.2083333333333,"CKA",3065,"Schneiders",1,"MRI-ESM2-0","ssp370",2050,91,11.3566287878788,-0.49,25.97,3,0
108.625,"CKA",3066,"Schneiders",1,"MRI-ESM2-0","ssp370",2050,109,17.9259090909091,7.01,29.07,0,0
83.1666666666667,"CKA",3067,"Schneiders",1,"MRI-ESM2-0","ssp370",2050,83,8.53685606060606,0.28,21.8,0,0
107.875,"CKA",3068,"Schneiders",1,"MRI-ESM2-0","ssp370",2050,108,9.75223484848485,-2.24,20.49,5,1
105.166666666667,"CKA",3069,"Schneiders",1,"MRI-ESM2-0","ssp370",2050,105,9.13518939393939,1.01,18.32,0,0
100.125,"CKA",3070,"Schneiders",1,"MRI-ESM2-0","ssp370",2050,100,7.8069696969697,-4.04,21.58,29,10
102.333333333333,"CKA",3071,"Schneiders",1,"MRI-ESM2-0","ssp370",2050,102,10.0570454545455,-2.47,23.38,16,3
96.2916666666667,"CKA",3072,"Schneiders",1,"MRI-ESM2-0","ssp370",2050,96,15.5291287878788,1.39,30.21,0,0
108.041666666667,"CKA",3073,"Schneiders",1,"MRI-ESM2-0","ssp370",2050,108,14.9760606060606,2.02,28.97,0,0
106.208333333333,"CKA",3074,"Schneiders",1,"MRI-ESM2-0","ssp370",2050,106,14.4609090909091,0.42,31.58,0,0
91.375,"CKA",3075,"Schneiders",1,"MRI-ESM2-0","ssp370",2050,91,11.00625,0.08,20.94,0,0
115.125,"CKA",3076,"Schneiders",1,"MRI-ESM2-0","ssp370",2050,115,13.3235606060606,-2.42,23.64,4,1
100.208333333333,"CKA",3077,"Schneiders",1,"MRI-ESM2-0","ssp370",2050,100,9.84431818181818,-0.92,24.26,2,0
103.166666666667,"CKA",3078,"Schneiders",1,"MRI-ESM2-0","ssp370",2050,103,11.6050378787879,0.12,23.09,0,0
80.25,"CKA",3079,"Schneiders",1,"MRI-ESM2-0","ssp370",2050,80,10.9487121212121,-0.39,23.02,1,0
113.041666666667,"CKA",3080,"Schneiders",1,"MRI-ESM2-0","ssp370",2050,113,13.9379924242424,1.17,24.8,0,0
111.166666666667,"CKA",3081,"Schneiders",1,"MRI-ESM2-0","ssp370",2050,111,9.36761363636364,-5.07,17.34,16,10
100.291666666667,"CKA",3082,"Schneiders",1,"MRI-ESM2-0","ssp370",2050,100,14.1614393939394,2.86,28.66,0,0
105.25,"CKA",3083,"Schneiders",1,"MRI-ESM2-0","ssp370",2050,105,11.8710227272727,0.44,21.82,0,0
118.958333333333,"CKA",3084,"Schneiders",1,"MRI-ESM2-0","ssp370",2050,119,11.5492045454545,-0.9,20.53,3,0
114.833333333333,"CKA",3085,"Schneiders",1,"MRI-ESM2-0","ssp370",2050,115,13.9600378787879,6.74,22.53,0,0
102.333333333333,"CKA",3086,"Schneiders",1,"MRI-ESM2-0","ssp370",2050,102,15.6088636363636,4.27,34.16,0,0
115.083333333333,"CKA",3087,"Schneiders",1,"MRI-ESM2-0","ssp370",2050,115,10.3731060606061,-2.14,21.44,4,0
111.083333333333,"CKA",3088,"Schneiders",1,"MRI-ESM2-0","ssp370",2050,111,12.6251893939394,-3.7,27.93,14,3
115.291666666667,"CKA",3089,"Schneiders",1,"MRI-ESM2-0","ssp370",2050,115,13.5620075757576,0.16,26.12,0,0
114.166666666667,"CKA",3090,"Schneiders",1,"MRI-ESM2-0","ssp370",2050,114,12.2938257575758,2.29,22.98,0,0
117.875,"CKA",3091,"Schneiders",1,"MRI-ESM2-0","ssp370",2050,118,12.6781818181818,0.67,26.41,0,0
106.375,"CKA",3092,"Schneiders",1,"MRI-ESM2-0","ssp370",2050,106,12.8256060606061,3.46,26.34,0,0
125.375,"CKA",3093,"Schneiders",1,"MRI-ESM2-0","ssp370",2050,125,14.3545454545455,1.95,27.49,0,0
91.125,"CKA",3094,"Schneiders",1,"MRI-ESM2-0","ssp370",2050,91,14.1857196969697,3.64,25.29,0,0
119.916666666667,"CKA",3095,"Schneiders",1,"MRI-ESM2-0","ssp370",2050,120,15.2145454545455,1.43,29.55,0,0
115.666666666667,"CKA",3096,"Schneiders",1,"MRI-ESM2-0","ssp370",2050,116,11.8245075757576,1.52,28.96,0,0
112.666666666667,"CKA",3097,"Schneiders",1,"MRI-ESM2-0","ssp370",2050,113,13.8157954545455,3.86,23.74,0,0
94.1666666666667,"CKA",3098,"Schneiders",1,"MRI-ESM2-0","ssp370",2050,94,10.1535984848485,-0.52,19.72,3,0
104.041666666667,"CKA",3099,"Schneiders",1,"MRI-ESM2-0","ssp370",2050,104,15.0316666666667,-0.03,28.25,1,0
108.208333333333,"CKA",3100,"Schneiders",1,"MRI-ESM2-0","ssp370",2050,108,11.744053030303,-0.67,21.06,2,0
