"Cultivar","GCM","SSP","Time","earliest_bloom","median_bloom","latest_bloom","mean_frost0","mean_frost2.2","mean_Tmean","mean_Tmin","mean_Tmax","frost0_5plus","frost2.2_5plus","frost0_1plus","frost2.2_1plus"
"Bing","none","none","1960",94,119,133,2.02,0.55,11.7145503787879,0.939,22.3635,15,4,38,11
"Bing","none","none","1970",93,120.5,136,2.65,0.55,11.6315007575758,0.2246,22.5481,22,4,50,11
"Bing","none","none","1980",92,121,138,2.86,0.57,11.2436121212121,0.3744,21.8679,23,4,49,13
"Bing","none","none","1990",91,116,133,3.61,1.09,11.0609795454545,0.1036,21.8257,26,7,47,19
"Bing","none","none","2000",89,109.5,127,3.92,0.84,11.7078371212121,-0.3329,23.7422,33,6,57,25
"Bing","none","none","2010",90,110,126,4.86,1.27,11.7346950757576,-0.8124,24.195,41,9,63,32
"Bing","none","none","2020",89,110,127,6.22,1.95,11.2011946969697,-1.2188,23.5271,44,14,65,40
"Bing","ACCESS-CM2","SSP1","2050",87,110,125,1.76,0.41,12.8311306818182,0.9371,24.745,12,3,39,7
"Bing","AWI-CM-1-1-MR","SSP1","2050",86,106.5,123,1.82,0.49,12.8373818181818,1.3168,24.5815,11,4,31,7
"Bing","CIESM","SSP1","2050",90,108,124,3.47,0.98,13.1803893939394,-0.2984,26.9094,24,6,56,26
"Bing","CMCC-ESM2","SSP1","2050",87,109,125,2.25,0.57,12.6030170454545,0.6689,24.6254,15,3,42,15
"Bing","CNRM-CM6-1-HR","SSP1","2050",84,109,126,1.94,0.39,12.779353030303,0.8146,24.8777,14,3,39,8
"Bing","CNRM-ESM2-1","SSP1","2050",89,109,126,2.61,0.62,12.2936492424242,0.1714,24.5734,19,5,50,15
"Bing","EC-Earth3-Veg-LR","SSP1","2050",85,106,123,2.94,0.95,12.5834454545455,0.2935,25.0605,22,7,48,22
"Bing","FGOALS-g3","SSP1","2050",88,106,124,3.44,1.22,12.2946083333333,0.0766,24.67,22,9,48,20
"Bing","FIO-ESM-2-0","SSP1","2050",79,102,121,4.43,1.62,12.0152568181818,-0.0559,24.2097,26,12,44,22
"Bing","GFDL-ESM4","SSP1","2050",85,106,123,2.77,0.84,12.7102712121212,0.2484,25.3233,19,7,46,18
"Bing","HadGEM3-GC31-LL","SSP1","2050",88,109.5,125,1.84,0.5,12.6900678030303,1.0051,24.6071,11,4,34,11
"Bing","HadGEM3-GC31-MM","SSP1","2050",86,106,123,1.74,0.37,13.1104477272727,1.3247,25.1882,13,3,32,8
"Bing","INM-CM4-8","SSP1","2050",87,106,123,2.34,0.63,12.6937462121212,0.6833,25.0217,18,5,39,12
"Bing","INM-CM5-0","SSP1","2050",85,105,124,4.26,1.56,11.9705534090909,-0.4465,24.3268,28,11,55,23
"Bing","IPSL-CM6A-LR","SSP1","2050",87,109,125,1.84,0.37,12.6879708333333,0.959,24.599,12,3,37,7
"Bing","MIROC6","SSP1","2050",82,102,121,4.71,1.75,12.1621291666667,-0.2742,24.7156,25,12,48,24
"Bing","MPI-ESM1-2-LR","SSP1","2050",84,105,125,3.4,1.06,11.9597018939394,-0.059,24.107,23,10,50,17
"Bing","MRI-ESM2-0","SSP1","2050",88,109,126,2.91,0.7,12.3250359848485,0.074,24.8099,22,6,52,16
"Bing","NESM3","SSP1","2050",87,109,123,1.6,0.34,13.0447409090909,1.337,25.1151,10,3,30,6
"Bing","ACCESS-CM2","SSP2","2050",84,107,126,2.08,0.5,13.0505276515152,1.1784,25.292,14,3,31,9
"Bing","AWI-CM-1-1-MR","SSP2","2050",86,106,126,1.6,0.4,13.2046246212121,1.2944,25.2671,13,3,31,8
"Bing","CIESM","SSP2","2050",89,107,125,3.08,0.79,13.1845,0.1853,26.5056,24,6,49,18
"Bing","CMCC-ESM2","SSP2","2050",86,107.5,124,2.96,0.89,12.4843954545455,0.4237,24.7452,16,8,43,16
"Bing","CNRM-CM6-1-HR","SSP2","2050",81,107,124,2.54,0.79,12.6639473484848,0.6039,24.9134,15,4,41,12
"Bing","CNRM-ESM2-1","SSP2","2050",89,109,127,3.74,0.95,11.8562564393939,-0.3223,24.0913,28,8,56,22
"Bing","EC-Earth3-CC","SSP2","2050",89,110.5,126,2.39,0.46,12.2209310606061,0.3823,24.0924,16,5,47,14
"Bing","EC-Earth3-Veg-LR","SSP2","2050",84,105,124,4.06,1.61,12.2392363636364,0.2015,24.2892,24,8,41,21
"Bing","FGOALS-g3","SSP2","2050",81,102,121,4.46,1.67,12.0710337121212,0.1761,24.1283,23,11,39,19
"Bing","FIO-ESM-2-0","SSP2","2050",83,104,121,2.79,0.97,12.7540696969697,0.8129,25.032,20,9,31,14
"Bing","GFDL-ESM4","SSP2","2050",82,101,121,3.98,1.69,12.7505185606061,0.5171,25.2772,24,11,36,19
"Bing","HadGEM3-GC31-LL","SSP2","2050",89,108.5,124,2.14,0.47,12.6742454545455,0.7653,24.6098,12,4,39,9
"Bing","INM-CM4-8","SSP2","2050",88,108,125,2.06,0.48,12.600609469697,0.9318,24.4608,12,4,35,8
"Bing","INM-CM5-0","SSP2","2050",81,104,124,5.87,2.39,11.5017708333333,-0.5549,23.763,28,15,54,26
"Bing","IPSL-CM6A-LR","SSP2","2050",86,108,126,2.07,0.41,12.3975412878788,0.93,23.9507,14,2,37,8
"Bing","MIROC6","SSP2","2050",84,103,123,4.45,1.56,12.1694462121212,-0.1381,24.5395,26,12,49,25
"Bing","MPI-ESM1-2-LR","SSP2","2050",85,108,126,3.02,0.74,11.7781674242424,0.1486,23.7361,23,6,49,16
"Bing","MRI-ESM2-0","SSP2","2050",87,107,124,3.08,0.91,12.5735424242424,0.2559,25.0146,20,8,49,18
"Bing","NESM3","SSP2","2050",91,109,122,0.95,0.18,13.6736856060606,1.8541,25.7034,7,1,22,4
"Bing","ACCESS-CM2","SSP3","2050",85,110,126,1.5,0.31,13.0029231060606,1.1502,25.0213,10,2,32,6
"Bing","AWI-CM-1-1-MR","SSP3","2050",86,106,129,0.9,0.25,14.1752071969697,2.3739,25.7651,9,2,18,7
"Bing","CNRM-CM6-1-HR","SSP3","2050",83,107,127,2.61,0.75,12.4943299242424,0.3995,24.7414,14,5,44,13
"Bing","CNRM-ESM2-1","SSP3","2050",89,108,125,2.37,0.57,12.3938185606061,0.457,24.42,16,5,45,14
"Bing","EC-Earth3-AerChem","SSP3","2050",87,110,125,2.42,0.56,12.3485924242424,0.5101,24.4247,16,5,45,13
"Bing","EC-Earth3-Veg-LR","SSP3","2050",80,104,123,3.42,1.27,12.3999757575758,0.7841,24.1366,22,8,31,17
"Bing","FGOALS-g3","SSP3","2050",82,102,120,3.45,1.39,12.4921306818182,0.6313,24.4364,21,9,31,16
"Bing","GFDL-ESM4","SSP3","2050",84,104.5,121,2.55,0.88,12.9540303030303,0.8761,25.2075,19,7,32,13
"Bing","INM-CM4-8","SSP3","2050",87,107.5,125,2.26,0.51,12.4202875,0.6972,24.3914,14,4,41,11
"Bing","INM-CM5-0","SSP3","2050",82,105,126,4.66,1.65,11.6693632575758,-0.2686,23.5666,25,8,51,24
"Bing","IPSL-CM6A-LR","SSP3","2050",88,108,125,1.94,0.37,12.5655193181818,1.0839,24.2603,11,3,35,5
"Bing","MIROC6","SSP3","2050",84,106,122,2.49,0.71,12.7242939393939,0.66,24.987,15,5,39,12
"Bing","MPI-ESM1-2-LR","SSP3","2050",84,105.5,125,2.31,0.66,12.2816075757576,1.0373,23.7171,14,5,32,8
"Bing","MRI-ESM2-0","SSP3","2050",85,106,124,3.03,1.02,12.4778643939394,0.2922,24.8211,21,6,44,20
"Bing","ACCESS-CM2","SSP5","2050",82,106,126,2.33,0.76,12.9257742424242,0.895,25.1542,14,5,29,10
"Bing","AWI-CM-1-1-MR","SSP5","2050",84,106,125,0.73,0.25,13.4608397727273,2.5462,24.6422,5,2,14,5
"Bing","CIESM","SSP5","2050",87,107.5,124,3.28,0.97,13.0562549242424,0.1178,26.4382,24,7,47,20
"Bing","CMCC-ESM2","SSP5","2050",84,108,124,2.28,0.6,12.858509469697,0.853,25.0215,15,5,38,13
"Bing","CNRM-CM6-1-HR","SSP5","2050",81,107.5,128,1.99,0.55,12.7672477272727,1.0638,24.6537,10,4,34,10
"Bing","CNRM-ESM2-1","SSP5","2050",89,109.5,126,2.68,0.58,12.2001526515152,0.3194,24.2699,20,6,49,15
"Bing","EC-Earth3-CC","SSP5","2050",89,109,125,1.89,0.42,12.5249590909091,0.8838,24.281,13,4,38,8
"Bing","EC-Earth3-Veg-LR","SSP5","2050",86,107,125,2.51,0.69,12.4859625,0.6776,24.4472,15,5,40,14
"Bing","FGOALS-g3","SSP5","2050",82,102,120,3.96,1.51,12.2270602272727,0.3374,24.3009,25,13,37,21
"Bing","FIO-ESM-2-0","SSP5","2050",84,104,120,2.7,0.98,13.3297473484849,0.9998,25.8298,15,6,32,11
"Bing","GFDL-ESM4","SSP5","2050",79,102,120,3.55,1.3,12.6292587121212,0.4903,24.842,23,10,41,17
"Bing","HadGEM3-GC31-LL","SSP5","2050",86,108,126,1.42,0.35,13.2805791666667,1.6044,25.0874,11,3,27,5
"Bing","HadGEM3-GC31-MM","SSP5","2050",88,108.5,126,1.33,0.38,13.8851965909091,1.6086,26.3488,10,4,25,6
"Bing","INM-CM4-8","SSP5","2050",87,106,124,1.89,0.55,12.8370416666667,1.1593,24.7527,15,5,31,10
"Bing","INM-CM5-0","SSP5","2050",84,105.5,123,3.02,1.08,12.5593825757576,0.5977,24.4715,19,7,35,13
"Bing","IPSL-CM6A-LR","SSP5","2050",85,106,124,2.12,0.64,12.6796265151515,1.145,24.3387,13,4,28,8
"Bing","MIROC6","SSP5","2050",84,104,121,3.34,1.21,12.6401863636364,0.6969,25.0341,21,10,33,16
"Bing","MPI-ESM1-2-LR","SSP5","2050",84,106,125,3.02,0.89,11.9098731060606,0.5711,23.378,19,5,41,16
"Bing","MRI-ESM2-0","SSP5","2050",85,105,122,2.44,0.83,12.9493318181818,0.783,25.2658,15,6,36,13
"Bing","NESM3","SSP5","2050",89,109,128,0.93,0.25,14.2230496212121,2.5886,26.2238,8,3,17,6
"Bing","ACCESS-CM2","SSP1","2085",85,108,128,1.39,0.28,13.3006738636364,1.4332,25.5035,10,2,30,5
"Bing","AWI-CM-1-1-MR","SSP1","2085",84,105,122,1.87,0.69,12.7811647727273,1.5251,24.2402,15,5,23,11
"Bing","CIESM","SSP1","2085",93,110,126,7.11,2.8,12.5989893939394,-2.1141,27.3815,51,21,75,49
"Bing","CMCC-ESM2","SSP1","2085",85,107,131,1.93,0.58,13.5613909090909,1.3545,25.8385,11,4,31,6
"Bing","CNRM-CM6-1-HR","SSP1","2085",82,105,126,2.93,0.83,12.1625693181818,0.5982,23.7244,17,5,41,12
"Bing","CNRM-ESM2-1","SSP1","2085",89,110,126,2.73,0.61,12.2380606060606,0.2145,24.4587,22,7,49,17
"Bing","EC-Earth3-Veg-LR","SSP1","2085",85,108,125,2.48,0.59,12.2676291666667,0.3713,24.4645,18,5,48,13
"Bing","FGOALS-g3","SSP1","2085",87,104.5,120,2.09,0.7,13.4008181818182,1.22,26.0153,17,5,28,11
"Bing","FIO-ESM-2-0","SSP1","2085",83,106,124,3.89,1.48,12.0311587121212,0.227,24.0764,23,8,45,22
"Bing","GFDL-ESM4","SSP1","2085",85,106,123,3.06,1.01,12.5631882575758,0.2124,25.074,20,6,43,19
"Bing","HadGEM3-GC31-LL","SSP1","2085",86,106.5,123,1.54,0.4,13.683275,1.37,26.2605,10,4,30,7
"Bing","HadGEM3-GC31-MM","SSP1","2085",86,109,125,1.56,0.47,13.3784992424242,1.3377,25.534,12,3,29,8
"Bing","INM-CM4-8","SSP1","2085",85,104,123,2.27,0.78,12.6465731060606,1.0686,24.6067,19,7,31,12
"Bing","INM-CM5-0","SSP1","2085",82,105,124,4.52,1.69,11.9449041666667,-0.4015,24.0362,26,10,56,22
"Bing","IPSL-CM6A-LR","SSP1","2085",85,107,125,2.37,0.64,12.3138886363636,0.8233,23.9321,15,4,34,12
"Bing","MIROC6","SSP1","2085",85,106,123,3.79,1.34,12.4291325757576,0.00729999999999999,25.1401,25,12,49,22
"Bing","MPI-ESM1-2-LR","SSP1","2085",85,106.5,125,3.41,1.05,11.9058738636364,0.1027,23.7893,24,7,50,20
"Bing","MRI-ESM2-0","SSP1","2085",90,111,127,5.04,1.28,11.6120329545455,-0.8874,24.0679,39,11,63,33
"Bing","NESM3","SSP1","2085",88,108,125,1.11,0.2,13.4871765151515,1.5542,25.4511,8,2,25,4
"Bing","ACCESS-CM2","SSP2","2085",87,108,134,1.02,0.21,13.9738833333333,2.0987,26.0383,9,1,21,4
"Bing","AWI-CM-1-1-MR","SSP2","2085",86,106.5,134,0.56,0.17,14.3341261363636,2.848,26.0745,5,1,12,5
"Bing","CIESM","SSP2","2085",88,106.5,123,3.37,1.13,13.3995174242424,-0.2496,27.2386,25,8,52,26
"Bing","CMCC-ESM2","SSP2","2085",86,109.5,135,1.18,0.36,14.0496833333333,1.6482,26.3576,10,3,24,8
"Bing","CNRM-CM6-1-HR","SSP2","2085",86,108,132,1.67,0.47,13.2559299242424,1.2215,25.4079,11,4,31,8
"Bing","CNRM-ESM2-1","SSP2","2085",88,109.5,126,2.72,0.67,12.2434261363636,0.2564,24.3995,20,5,49,16
"Bing","EC-Earth3-CC","SSP2","2085",86,106,124,1.41,0.34,12.9543503787879,1.5569,24.6403,10,3,27,6
"Bing","EC-Earth3-Veg-LR","SSP2","2085",83,105,122,2.23,0.78,12.9215196969697,1.0451,24.9147,17,6,30,11
"Bing","FGOALS-g3","SSP2","2085",85,104,123,2.08,0.71,13.1072018939394,1.262,25.1656,16,5,26,12
"Bing","FIO-ESM-2-0","SSP2","2085",83,104,124,2.2,0.64,13.1258064393939,1.4967,25.2858,17,5,29,11
"Bing","GFDL-ESM4","SSP2","2085",83,103,120,2.32,0.8,13.2557412878788,1.3612,25.5978,17,6,28,13
"Bing","HadGEM3-GC31-LL","SSP2","2085",85,111,156,1.19,0.33,13.946428030303,1.7656,26.4278,8,4,24,6
"Bing","INM-CM4-8","SSP2","2085",85,106,124,2.23,0.66,12.8753022727273,0.8341,25.1342,18,5,35,12
"Bing","INM-CM5-0","SSP2","2085",82,103,123,3.69,1.34,12.0248049242424,0.4564,23.7321,23,8,40,19
"Bing","IPSL-CM6A-LR","SSP2","2085",87,109,130,1.11,0.21,13.3200666666667,1.7714,25.0237,8,1,24,5
"Bing","MIROC6","SSP2","2085",83,103,122,4.66,1.91,12.3495693181818,-0.158,25.1424,26,11,48,25
"Bing","MPI-ESM1-2-LR","SSP2","2085",84,105,123,2.65,0.97,12.5254393939394,0.8268,24.3869,13,6,31,10
"Bing","MRI-ESM2-0","SSP2","2085",86,106.5,125,3.47,1.15,12.2651875,-0.1414,24.6616,23,9,54,20
"Bing","NESM3","SSP2","2085",88,109,127,0.83,0.22,14.1368352272727,2.3518,26.1664,7,2,17,6
"Bing","ACCESS-CM2","SSP3","2085",0,117,175,0.55,0.19,15.8895496212121,3.9312,28.1681,6,2,9,4
"Bing","AWI-CM-1-1-MR","SSP3","2085",0,112,162,0.31,0.03,15.5363685606061,5.0241,26.4396,4,0,8,1
"Bing","CNRM-CM6-1-HR","SSP3","2085",0,110.5,134,1.4,0.41,14.3029840909091,2.1967,26.4247,11,4,20,8
"Bing","CNRM-ESM2-1","SSP3","2085",88,108,123,1.44,0.31,13.0486064393939,1.6597,24.7105,12,2,25,5
"Bing","EC-Earth3-AerChem","SSP3","2085",88,111.5,139,1.42,0.51,13.8699507575758,2.249,25.59,10,6,22,9
"Bing","EC-Earth3-Veg-LR","SSP3","2085",85,107,134,1.05,0.27,14.0280867424242,2.2624,25.6426,10,2,20,7
"Bing","FGOALS-g3","SSP3","2085",84,104.5,128,1.92,0.54,13.1880125,1.4863,25.4881,14,6,26,10
"Bing","GFDL-ESM4","SSP3","2085",84,106,132,1.55,0.3,13.9114484848485,1.4405,26.8459,12,2,28,7
"Bing","INM-CM4-8","SSP3","2085",85,105,122,1.94,0.61,13.1530609848485,1.8052,24.868,14,5,21,11
"Bing","INM-CM5-0","SSP3","2085",82,105,128,2.94,0.99,12.6059689393939,0.8531,24.2981,16,7,35,12
"Bing","IPSL-CM6A-LR","SSP3","2085",90,113,170,0.63,0.18,14.573990530303,2.8372,26.5495,4,2,18,6
"Bing","MIROC6","SSP3","2085",83,103,133,2.15,0.83,13.4887765151515,1.5227,25.8255,13,6,25,10
"Bing","MPI-ESM1-2-LR","SSP3","2085",84,105,127,1.53,0.25,13.1048420454545,1.7553,24.4932,11,2,26,7
"Bing","MRI-ESM2-0","SSP3","2085",86,107,123,1.9,0.41,12.7970125,1.0263,24.9893,12,2,36,9
"Bing","ACCESS-CM2","SSP5","2085",0,120,169,3.5,1.62,15.3036568181818,3.3947,27.3695,11,8,16,11
"Bing","AWI-CM-1-1-MR","SSP5","2085",0,119,180,2.02,0.9,15.2840852272727,5.3031,25.7087,6,2,10,2
"Bing","CIESM","SSP5","2085",0,116,175,4.22,1.73,14.8360727272727,2.1175,27.5881,15,8,25,15
"Bing","CMCC-ESM2","SSP5","2085",0,115.5,173,1.45,0.5,15.4671314393939,3.54,27.6519,8,3,11,4
"Bing","CNRM-CM6-1-HR","SSP5","2085",0,116,175,0.84,0.08,15.5135234848485,3.5275,27.6331,8,1,16,2
"Bing","CNRM-ESM2-1","SSP5","2085",90,111,128,1.19,0.39,13.8270018939394,1.9938,25.9989,10,4,20,8
"Bing","EC-Earth3-CC","SSP5","2085",0,115,180,1.18,0.41,14.8763628787879,3.3106,26.6522,7,5,12,5
"Bing","EC-Earth3-Veg-LR","SSP5","2085",0,118,178,0.7,0.13,14.9291363636364,3.5545,26.305,7,1,12,4
"Bing","FGOALS-g3","SSP5","2085",83,103,142,1.61,0.47,14.0576571969697,1.8793,26.1273,11,4,25,12
"Bing","FIO-ESM-2-0","SSP5","2085",88,110,159,0.65,0.17,15.1027795454545,3.2835,27.1963,4,2,14,5
"Bing","GFDL-ESM4","SSP5","2085",84,104,141,1.57,0.6,14.1250231060606,2.0137,26.011,10,4,24,10
"Bing","HadGEM3-GC31-LL","SSP5","2085",0,124,181,5.17,2.1,15.5116803030303,3.864,26.9975,12,10,14,12
"Bing","HadGEM3-GC31-MM","SSP5","2085",0,120,177,3.52,1.05,15.3109666666667,3.5494,26.9433,13,7,17,12
"Bing","INM-CM4-8","SSP5","2085",84,104.5,129,1.52,0.46,13.6395924242424,1.934,25.7052,12,4,22,10
"Bing","INM-CM5-0","SSP5","2085",84,106,129,2.08,0.45,13.0621117424242,1.3028,25.01,13,3,29,8
"Bing","IPSL-CM6A-LR","SSP5","2085",0,111,174,5.48,2.46,14.6254924242424,3.8539,25.6484,18,11,19,13
"Bing","MIROC6","SSP5","2085",83,104.5,142,1.56,0.42,14.3325602272727,2.1308,26.5957,12,4,26,9
"Bing","MPI-ESM1-2-LR","SSP5","2085",87,110,132,1.26,0.38,13.9088818181818,2.2712,25.6153,11,4,22,7
"Bing","MRI-ESM2-0","SSP5","2085",85,104.5,123,2.44,0.8,13.1824897727273,0.9419,25.524,19,5,32,13
"Bing","NESM3","SSP5","2085",0,118.5,174,1.77,0.59,16.4408814393939,4.5938,28.4461,9,3,10,5
"Van","none","none","1960",118,133,147,1.24,0.36,13.3651026515152,2.3868,23.6133,10,3,21,9
"Van","none","none","1970",120,135,148,1.44,0.45,13.7162590909091,2.2225,24.4258,13,4,24,11
"Van","none","none","1980",121,137.5,152,1.22,0.26,13.3277856060606,2.2184,23.6868,12,2,26,9
"Van","none","none","1990",114,132,146,1.22,0.32,13.2894462121212,2.3012,23.456,9,3,22,7
"Van","none","none","2000",99,124,138,1.85,0.57,13.5541715909091,1.0734,25.5066,16,6,43,15
"Van","none","none","2010",102,125,139,2.17,0.65,13.6130087121212,0.8405,25.856,21,5,40,16
"Van","none","none","2020",97,123.5,138,2.95,0.75,12.8452829545455,0.2993,25.0117,27,5,47,19
"Van","ACCESS-CM2","SSP1","2050",83,111,129,2.69,0.9,12.8948515151515,0.671,25.1988,17,6,43,13
"Van","AWI-CM-1-1-MR","SSP1","2050",87,114,131,2.25,0.85,13.1217640151515,1.2637,24.881,14,8,29,13
"Van","CIESM","SSP1","2050",97,118,133,3.5,1.27,13.9276776515152,-0.1096,27.8557,24,10,49,25
"Van","CMCC-ESM2","SSP1","2050",84,112.5,131,3.03,1.15,12.7552916666667,0.4198,24.9978,20,9,42,17
"Van","CNRM-CM6-1-HR","SSP1","2050",75,107,127,4.09,1.4,12.227221969697,0.1628,24.5539,27,9,46,19
"Van","CNRM-ESM2-1","SSP1","2050",97,120,135,1.67,0.34,13.5317109848485,1.1441,25.7509,12,4,39,8
"Van","EC-Earth3-Veg-LR","SSP1","2050",90,116,131,3.1,1.3,13.2179886363636,0.5389,25.8035,20,11,38,18
"Van","FGOALS-g3","SSP1","2050",95,118,134,2.43,0.76,13.2596481060606,0.8242,25.734,16,6,39,14
"Van","FIO-ESM-2-0","SSP1","2050",82,109,128,2.87,0.75,12.5440276515152,0.4925,24.8158,19,7,43,15
"Van","GFDL-ESM4","SSP1","2050",89,115,131,3.12,1.39,13.2672943181818,0.5045,25.9589,19,11,38,17
"Van","HadGEM3-GC31-LL","SSP1","2050",90,116,133,2.51,0.91,13.1412693181818,0.8773,25.2868,18,9,34,15
"Van","HadGEM3-GC31-MM","SSP1","2050",88,113,131,2.53,0.93,13.0793545454545,0.8482,25.2187,16,8,36,12
"Van","INM-CM4-8","SSP1","2050",93,117,133,2.36,0.81,13.4819253787879,0.9819,26.074,18,10,33,14
"Van","INM-CM5-0","SSP1","2050",86,114,132,4.19,1.65,12.2570674242424,-0.2667,24.7183,25,12,52,19
"Van","IPSL-CM6A-LR","SSP1","2050",85,115,131,2.2,0.88,13.0053261363636,1.0546,25.0938,15,6,33,10
"Van","MIROC6","SSP1","2050",84,110,128,3.18,1.18,12.8486863636364,0.2612,25.348,20,10,45,20
"Van","MPI-ESM1-2-LR","SSP1","2050",86,116,133,3.55,1.57,12.6621746212121,0.2984,24.9728,21,11,44,18
"Van","MRI-ESM2-0","SSP1","2050",95,119.5,134,2.25,0.63,13.5987106060606,0.759,26.2656,17,6,42,14
"Van","NESM3","SSP1","2050",88,113.5,131,2.25,0.76,13.1356753787879,0.9457,25.0117,15,8,34,13
"Van","ACCESS-CM2","SSP2","2050",80,107,127,2.67,0.92,12.6173556818182,0.7392,25.035,15,7,37,12
"Van","AWI-CM-1-1-MR","SSP2","2050",85,112,129,2.25,0.83,13.3864071969697,1.0816,25.582,16,8,32,14
"Van","CIESM","SSP2","2050",92,114,130,3.6,1.42,13.4002526515151,-0.0707,26.706,19,11,47,20
"Van","CMCC-ESM2","SSP2","2050",84,112,130,3.38,1.18,12.6724791666667,0.0879,25.1674,24,9,49,20
"Van","CNRM-CM6-1-HR","SSP2","2050",75,105.5,126,3.62,1.21,12.1162393939394,-0.0306,24.3983,27,8,50,23
"Van","CNRM-ESM2-1","SSP2","2050",94,121,136,2.2,0.56,13.2140829545455,0.7311,25.3658,16,6,43,14
"Van","EC-Earth3-CC","SSP2","2050",95,120,135,1.88,0.52,13.2775625,1.0304,25.2095,15,7,36,11
"Van","EC-Earth3-Veg-LR","SSP2","2050",87,114,132,3.41,1.43,12.5706909090909,0.3991,24.8323,19,10,40,18
"Van","FGOALS-g3","SSP2","2050",80,108,127,2.6,0.6,12.5824784090909,0.5597,24.9935,16,5,39,11
"Van","FIO-ESM-2-0","SSP2","2050",83,110,127,2.56,0.92,13.0372693181818,1.0439,25.3978,18,7,33,13
"Van","GFDL-ESM4","SSP2","2050",81,107,126,1.97,0.48,13.1916962121212,0.9882,25.861,16,4,33,10
"Van","HadGEM3-GC31-LL","SSP2","2050",89,115,132,2.69,1.05,12.9996522727273,0.7226,25.2448,18,9,36,16
"Van","INM-CM4-8","SSP2","2050",88,116,132,2.79,0.87,12.9772443181818,0.8001,25.2308,18,9,38,13
"Van","INM-CM5-0","SSP2","2050",81,111,130,4.28,1.47,11.9424162878788,-0.3133,24.1989,31,13,51,26
"Van","IPSL-CM6A-LR","SSP2","2050",81,112.5,130,2.73,1.01,12.4546772727273,0.5784,24.2125,17,8,39,12
"Van","MIROC6","SSP2","2050",81,111,128,2.93,1.02,12.7766106060606,0.2751,25.1402,20,9,43,19
"Van","MPI-ESM1-2-LR","SSP2","2050",85,117,133,3.39,1.31,12.6346356060606,0.5461,24.9256,19,8,42,16
"Van","MRI-ESM2-0","SSP2","2050",92,117,133,2.73,0.97,13.1929151515152,0.6941,25.6681,19,9,37,18
"Van","NESM3","SSP2","2050",91,114,129,1.52,0.53,13.9573715909091,1.822,25.9658,13,4,22,12
"Van","ACCESS-CM2","SSP3","2050",81,110,129,2.72,0.91,12.947265530303,0.891,25.1146,19,6,38,15
"Van","AWI-CM-1-1-MR","SSP3","2050",83,108,127,1.18,0.42,13.9158026515152,2.2447,25.7549,7,2,21,8
"Van","CNRM-CM6-1-HR","SSP3","2050",76,108,127,4.14,1.37,12.2197617424242,-0.0258,24.6209,29,8,51,24
"Van","CNRM-ESM2-1","SSP3","2050",94,118,133,2.43,0.68,13.3466518939394,0.8959,25.7011,18,6,39,15
"Van","EC-Earth3-AerChem","SSP3","2050",83,114,130,2.81,1.06,12.678271969697,0.4027,24.9018,20,8,43,18
"Van","EC-Earth3-Veg-LR","SSP3","2050",79,108,127,2.27,0.52,12.5264068181818,0.9956,24.4991,16,5,35,10
"Van","FGOALS-g3","SSP3","2050",82,108.5,127,2.18,0.7,13.0780837121212,1.1561,25.3517,17,5,33,10
"Van","GFDL-ESM4","SSP3","2050",82,108.5,127,2.45,0.8,13.1204560606061,0.9411,25.4811,20,6,33,12
"Van","INM-CM4-8","SSP3","2050",91,117,133,2.8,1,13.1928496212121,0.6409,25.8633,21,10,41,15
"Van","INM-CM5-0","SSP3","2050",70,104,126,4.34,1.5,11.4253416666667,-0.3292,23.3111,32,13,52,28
"Van","IPSL-CM6A-LR","SSP3","2050",80,112,129,2.25,0.55,12.6472003787879,0.7588,24.4886,18,6,41,10
"Van","MIROC6","SSP3","2050",80,110,127,2.9,0.96,12.8172079545455,0.6921,25.3615,22,6,37,16
"Van","MPI-ESM1-2-LR","SSP3","2050",83,113,131,2.41,1,12.6200617424242,1.0094,24.2485,16,7,34,11
"Van","MRI-ESM2-0","SSP3","2050",87,113.5,131,3.24,1.34,12.706509469697,0.2769,25.0732,19,10,43,18
"Van","ACCESS-CM2","SSP5","2050",78,106,127,2.76,0.93,12.5652560606061,0.5292,25.0811,17,7,39,13
"Van","AWI-CM-1-1-MR","SSP5","2050",76,108,127,1.34,0.41,13.2387303030303,2.4848,24.6123,6,3,18,6
"Van","CIESM","SSP5","2050",86,112.5,129,4.23,1.63,13.1228276515152,-0.4666,26.5413,34,13,55,30
"Van","CMCC-ESM2","SSP5","2050",81,109.5,129,3.48,1.19,12.6385090909091,0.5568,25.179,20,8,41,16
"Van","CNRM-CM6-1-HR","SSP5","2050",72,103.5,125,3.47,1.13,11.9062693181818,0.3608,24.0372,21,8,44,17
"Van","CNRM-ESM2-1","SSP5","2050",91,119,134,2.32,0.68,13.2682238636364,0.9073,25.5716,17,6,36,14
"Van","EC-Earth3-CC","SSP5","2050",94,119,134,1.61,0.41,13.4998215909091,1.472,25.5595,12,5,28,10
"Van","EC-Earth3-Veg-LR","SSP5","2050",87,115,131,2.98,1.23,12.8029473484848,0.5854,24.9715,17,9,37,13
"Van","FGOALS-g3","SSP5","2050",80,107,126,2.41,0.58,12.6653356060606,0.8351,24.9086,15,5,37,10
"Van","FIO-ESM-2-0","SSP5","2050",81,107,125,2.15,0.73,13.3711393939394,1.2782,26.2415,10,6,28,8
"Van","GFDL-ESM4","SSP5","2050",75,104,124,2.17,0.69,12.8608560606061,1.0723,25.106,16,5,36,11
"Van","HadGEM3-GC31-LL","SSP5","2050",82,109,128,2.13,0.66,13.0427556818182,1.2326,25.1787,17,5,32,9
"Van","HadGEM3-GC31-MM","SSP5","2050",88,110,127,1.94,0.67,13.8039795454545,1.2784,26.3589,16,5,31,12
"Van","INM-CM4-8","SSP5","2050",90,115,132,2.68,1.07,12.9195636363636,0.9052,24.9636,18,10,32,13
"Van","INM-CM5-0","SSP5","2050",76,107.5,127,2.98,0.89,12.4366765151515,0.6392,24.6059,17,5,41,11
"Van","IPSL-CM6A-LR","SSP5","2050",76,107,128,2.3,0.73,12.6771321969697,1.0596,24.6904,16,5,32,9
"Van","MIROC6","SSP5","2050",78,108,126,2.5,0.83,12.9771147727273,0.7087,25.5652,17,6,37,12
"Van","MPI-ESM1-2-LR","SSP5","2050",87,116,133,3.01,1.26,12.5262333333333,0.8061,24.38,19,9,34,14
"Van","MRI-ESM2-0","SSP5","2050",86,111,129,2.91,1.08,13.0176231060606,0.5487,25.3664,19,7,44,14
"Van","NESM3","SSP5","2050",88,110.5,127,1.52,0.53,13.9905090909091,1.9711,26.0341,12,4,26,9
"Van","ACCESS-CM2","SSP1","2085",78,107,127,2.73,0.87,12.7716333333333,0.9395,25.3902,17,5,37,11
"Van","AWI-CM-1-1-MR","SSP1","2085",84,111,129,1.98,0.76,13.0076901515151,1.6164,24.4233,11,5,25,9
"Van","CIESM","SSP1","2085",97,119,133,5.62,2.3,13.8064867424242,-1.2884,28.5861,39,17,62,36
"Van","CMCC-ESM2","SSP1","2085",75,103,124,2.66,1.06,12.7764670454545,0.9317,25.1737,15,7,34,13
"Van","CNRM-CM6-1-HR","SSP1","2085",73,105,126,3.1,0.94,11.8475018939394,0.2954,23.5814,23,8,44,20
"Van","CNRM-ESM2-1","SSP1","2085",93,119,134,2.18,0.62,13.4054056818182,0.9306,25.8635,16,7,37,12
"Van","EC-Earth3-Veg-LR","SSP1","2085",90,117.5,133,2.6,0.96,13.4224829545455,0.9135,26.1238,16,8,36,13
"Van","FGOALS-g3","SSP1","2085",91,113,128,2.12,0.81,13.7350897727273,1.2474,26.0418,15,7,31,12
"Van","FIO-ESM-2-0","SSP1","2085",86,113.5,132,2.99,1.27,12.6410393939394,0.5356,24.7312,18,10,35,16
"Van","GFDL-ESM4","SSP1","2085",89,114,131,3.47,1.5,12.8909310606061,0.2933,25.3313,19,11,41,19
"Van","HadGEM3-GC31-LL","SSP1","2085",86,110.5,128,2.44,0.91,13.5082507575758,1.1724,25.8981,20,7,36,14
"Van","HadGEM3-GC31-MM","SSP1","2085",84,110.5,128,2.36,0.85,13.3470791666667,1.1811,25.8253,16,7,35,12
"Van","INM-CM4-8","SSP1","2085",87,113,130,2.31,1.02,13.0171806818182,1.1085,24.9326,14,9,28,12
"Van","INM-CM5-0","SSP1","2085",82,112,130,3.54,1.29,12.3291340909091,0.0238,24.5984,22,10,47,19
"Van","IPSL-CM6A-LR","SSP1","2085",80,110.5,129,3.06,1.02,12.3557143939394,0.4523,24.4368,21,7,42,15
"Van","MIROC6","SSP1","2085",85,112.5,129,2.95,1.21,13.0032772727273,0.4476,25.5111,16,8,42,15
"Van","MPI-ESM1-2-LR","SSP1","2085",86,115.5,133,3.34,1.31,12.4519810606061,0.5404,24.6447,22,9,41,18
"Van","MRI-ESM2-0","SSP1","2085",99,123,138,2.48,0.64,13.5222329545455,0.4516,26.0392,23,6,48,15
"Van","NESM3","SSP1","2085",83,110.5,128,1.93,0.68,13.3699018939394,1.35,25.4416,16,4,30,10
"Van","ACCESS-CM2","SSP2","2085",80,106.5,125,1.67,0.61,13.4739511363636,1.9265,25.8965,9,4,25,7
"Van","AWI-CM-1-1-MR","SSP2","2085",78,106.5,125,0.98,0.4,13.9653893939394,2.726,25.9536,5,3,14,4
"Van","CIESM","SSP2","2085",87,111.5,128,4.84,1.92,13.2001333333333,-0.7187,27.1946,39,13,59,33
"Van","CMCC-ESM2","SSP2","2085",76,103,123,3.1,1.44,12.8623893939394,0.8387,25.2077,16,9,31,13
"Van","CNRM-CM6-1-HR","SSP2","2085",72,103,125,2.96,1.01,12.2052803030303,0.581,24.5697,19,7,40,14
"Van","CNRM-ESM2-1","SSP2","2085",88,117,134,3.2,1.14,12.7534840909091,0.5685,25.0571,22,8,42,18
"Van","EC-Earth3-CC","SSP2","2085",81,110,130,2.03,0.66,12.9104147727273,1.1928,25.0136,18,5,34,10
"Van","EC-Earth3-Veg-LR","SSP2","2085",79,107.5,127,2.45,0.79,12.8431458333333,1.0016,24.9647,15,6,33,11
"Van","FGOALS-g3","SSP2","2085",84,110,128,2.2,0.81,13.1765208333333,1.1192,25.257,15,6,33,12
"Van","FIO-ESM-2-0","SSP2","2085",79,106,124,1.69,0.42,13.2313246212121,1.5734,25.6774,10,3,27,7
"Van","GFDL-ESM4","SSP2","2085",80,107,125,1.72,0.59,13.3266276515152,1.4191,25.753,12,6,27,9
"Van","HadGEM3-GC31-LL","SSP2","2085",80,104,124,2.23,0.81,13.1679625,1.4219,25.4291,14,5,28,11
"Van","INM-CM4-8","SSP2","2085",87,112.5,130,2.73,1.17,13.0036515151515,0.692,25.3549,17,10,35,14
"Van","INM-CM5-0","SSP2","2085",76,107,127,3.35,1.09,12.1508227272727,0.4126,24.3356,18,6,41,18
"Van","IPSL-CM6A-LR","SSP2","2085",76,107,127,2.31,0.87,12.8762681818182,1.3733,24.9415,15,5,29,12
"Van","MIROC6","SSP2","2085",78,108,126,3.74,1.15,12.6364356060606,-0.0738,25.634,26,10,53,23
"Van","MPI-ESM1-2-LR","SSP2","2085",80,111,128,2.74,0.88,12.6337375,0.6424,24.8045,19,6,39,13
"Van","MRI-ESM2-0","SSP2","2085",88,115,132,3.8,1.59,12.5876068181818,0.0832,25.0859,21,12,47,19
"Van","NESM3","SSP2","2085",87,111,127,1.35,0.38,14.0968257575758,1.9963,26.1199,12,3,25,10
"Van","ACCESS-CM2","SSP3","2085",75,101,120,2.2,0.91,13.4218439393939,1.5664,25.5992,13,5,26,12
"Van","AWI-CM-1-1-MR","SSP3","2085",76,102,121,1.14,0.56,14.0652871212121,3.7617,24.8434,5,3,11,5
"Van","CNRM-CM6-1-HR","SSP3","2085",65,96,118,3.7,1.26,12.4808685606061,0.8304,24.3515,23,10,39,23
"Van","CNRM-ESM2-1","SSP3","2085",80,110,129,1.95,0.64,12.964040530303,1.167,24.9084,17,6,29,9
"Van","EC-Earth3-AerChem","SSP3","2085",72,101,122,2.73,1.17,12.6248537878788,1.3024,24.3613,16,8,28,13
"Van","EC-Earth3-Veg-LR","SSP3","2085",74,103,124,2.18,0.99,13.2394477272727,1.9479,25.1622,10,6,22,9
"Van","FGOALS-g3","SSP3","2085",81,106.5,125,2.26,0.84,13.0963522727273,1.2379,25.4724,13,6,30,11
"Van","GFDL-ESM4","SSP3","2085",77,103,123,2.68,1.1,13.3365446969697,0.8142,26.2341,17,7,32,14
"Van","INM-CM4-8","SSP3","2085",79,107,127,1.82,0.59,13.0392674242424,1.5898,24.9218,11,5,24,7
"Van","INM-CM5-0","SSP3","2085",71,102.5,125,3.1,1.07,12.169409469697,0.685,24.3119,17,8,36,13
"Van","IPSL-CM6A-LR","SSP3","2085",70,100,121,2.51,0.88,12.8016693181818,1.5251,24.3308,16,4,29,15
"Van","MIROC6","SSP3","2085",72,102,121,2.12,0.81,12.9824143939394,1.3033,25.2622,14,5,28,11
"Van","MPI-ESM1-2-LR","SSP3","2085",75,105,126,2.5,1.03,12.7194689393939,1.4986,24.6439,14,6,30,13
"Van","MRI-ESM2-0","SSP3","2085",82,111,128,2.86,0.99,12.8184606060606,0.5628,25.0856,21,8,42,16
"Van","ACCESS-CM2","SSP5","2085",71,99.5,119,2.08,0.76,13.5969106060606,1.9119,25.6541,14,6,25,12
"Van","AWI-CM-1-1-MR","SSP5","2085",75,100,117,0.94,0.32,14.2269075757576,3.7906,25.2428,7,3,16,5
"Van","CIESM","SSP5","2085",74,98,117,3.09,1.29,14.1674946969697,0.9127,27.9163,21,11,37,20
"Van","CMCC-ESM2","SSP5","2085",72,99,119,2.34,0.8,13.3164409090909,1.5941,25.3761,16,7,29,15
"Van","CNRM-CM6-1-HR","SSP5","2085",62,93.5,119,2.82,1,12.627609469697,1.3095,24.3836,18,8,33,17
"Van","CNRM-ESM2-1","SSP5","2085",82,107.5,126,1.74,0.56,13.1641337121212,1.432,25.1812,14,3,31,13
"Van","EC-Earth3-CC","SSP5","2085",76,103,122,1.8,0.6,13.3573196969697,2.2538,24.8229,13,5,20,10
"Van","EC-Earth3-Veg-LR","SSP5","2085",68,95.5,118,1.87,0.58,13.1459356060606,2.3092,24.5638,15,4,25,12
"Van","FGOALS-g3","SSP5","2085",75,102,121,1.74,0.62,13.7171090909091,1.88,26.0708,11,4,23,11
"Van","FIO-ESM-2-0","SSP5","2085",75,99,119,1.95,0.64,13.5668299242424,1.9226,25.593,12,4,26,12
"Van","GFDL-ESM4","SSP5","2085",73,100,121,1.95,0.78,13.2723162878788,1.832,25.0806,13,5,21,11
"Van","HadGEM3-GC31-LL","SSP5","2085",80,104,123,1.45,0.58,14.5544159090909,2.3042,26.7257,9,3,17,10
"Van","HadGEM3-GC31-MM","SSP5","2085",77,103,119,1.68,0.59,14.7077098484848,2.5101,27.0352,12,2,20,11
"Van","INM-CM4-8","SSP5","2085",78,105,125,1.57,0.51,13.4093443181818,1.8786,25.543,9,4,25,9
"Van","INM-CM5-0","SSP5","2085",74,103,125,3.28,1.33,12.4858613636364,0.6968,24.787,17,9,35,12
"Van","IPSL-CM6A-LR","SSP5","2085",70,102,121,1.05,0.32,14.3872761363636,2.8833,26.0783,9,3,16,6
"Van","MIROC6","SSP5","2085",72,98,119,2.93,1.1,13.1075803030303,1.1483,25.3447,21,8,33,19
"Van","MPI-ESM1-2-LR","SSP5","2085",78,104,124,2.35,1.04,13.1428560606061,1.6224,25.1005,10,6,26,10
"Van","MRI-ESM2-0","SSP5","2085",80,107,125,2.29,0.82,13.0629579545455,1.118,25.5103,16,6,33,11
"Van","NESM3","SSP5","2085",74,102.5,119,1.62,0.76,14.4608678030303,2.8524,26.2212,11,5,16,8
"Regina","none","none","1960",108,132,147,1.02,0.34,13.4913431818182,2.4056,23.8734,8,3,19,8
"Regina","none","none","1970",111,134,148,1.17,0.32,13.7414435606061,2.1266,24.7206,10,2,24,9
"Regina","none","none","1980",109,136,155,1.12,0.24,13.4713731060606,2.2752,24.1689,10,2,23,8
"Regina","none","none","1990",106,131,146,1.16,0.34,13.3947931818182,2.2095,23.8009,10,4,19,8
"Regina","none","none","2000",100,122,135,1.88,0.42,13.3535117424242,0.8456,25.4955,15,4,44,11
"Regina","none","none","2010",102,121.5,136,2.83,0.67,13.2395409090909,0.21,25.9356,25,5,49,16
"Regina","none","none","2020",96,120,136,3.5,0.84,12.7637310606061,-0.2138,25.3362,33,6,51,21
"Regina","ACCESS-CM2","SSP1","2050",81,109,127,2.72,0.85,12.9135678030303,0.8236,25.4432,18,5,39,12
"Regina","AWI-CM-1-1-MR","SSP1","2050",88,113,131,2.15,0.63,13.3244208333333,1.197,25.3641,16,6,34,12
"Regina","CIESM","SSP1","2050",95,113.5,129,4.79,1.78,13.5867617424242,-0.6072,27.5826,30,13,53,30
"Regina","CMCC-ESM2","SSP1","2050",83,111.5,130,3.23,1.1,12.8235204545455,0.5076,25.2031,19,8,43,17
"Regina","CNRM-CM6-1-HR","SSP1","2050",74,108,126,3.44,1.18,12.3784356060606,0.3733,24.7604,25,9,43,18
"Regina","CNRM-ESM2-1","SSP1","2050",96,117,133,2.6,0.79,13.3977261363636,0.5131,25.9122,19,7,45,16
"Regina","EC-Earth3-Veg-LR","SSP1","2050",90,113,130,2.74,0.92,13.384396969697,0.575,26.1229,21,9,40,19
"Regina","FGOALS-g3","SSP1","2050",93,116,132,3.1,1.04,13.2389484848485,0.5211,25.8872,18,6,44,17
"Regina","FIO-ESM-2-0","SSP1","2050",81,107,127,2.59,0.69,12.6080102272727,0.7242,24.9834,17,5,39,11
"Regina","GFDL-ESM4","SSP1","2050",89,112,128,2.88,0.96,13.30395,0.4011,26.1757,20,9,41,18
"Regina","HadGEM3-GC31-LL","SSP1","2050",91,114,131,2.76,0.79,13.2432564393939,0.8039,25.7358,16,7,40,13
"Regina","HadGEM3-GC31-MM","SSP1","2050",89,111,129,2.69,0.93,13.2048579545455,0.8533,25.5739,19,8,35,14
"Regina","INM-CM4-8","SSP1","2050",93,114.5,130,2.64,0.74,13.5662882575758,1.0612,26.3234,17,7,35,11
"Regina","INM-CM5-0","SSP1","2050",85,112,131,4.46,1.7,12.4092443181818,-0.2811,25.0033,27,11,51,22
"Regina","IPSL-CM6A-LR","SSP1","2050",87,113,130,2.4,0.84,13.1659909090909,0.8398,25.542,18,8,34,13
"Regina","MIROC6","SSP1","2050",85,108,127,2.86,0.94,12.7947060606061,0.5054,25.586,18,6,42,15
"Regina","MPI-ESM1-2-LR","SSP1","2050",86,114,131,3.02,1.02,12.8801598484848,0.3778,25.3626,22,9,45,20
"Regina","MRI-ESM2-0","SSP1","2050",95,116.5,132,3.12,1,13.4042314393939,0.2861,26.3062,21,7,50,19
"Regina","NESM3","SSP1","2050",90,111,129,2.32,0.76,13.3079598484848,1.0337,25.634,18,7,35,13
"Regina","ACCESS-CM2","SSP2","2050",76,104,126,2.3,0.63,12.8318689393939,0.7175,25.2362,14,6,36,11
"Regina","AWI-CM-1-1-MR","SSP2","2050",87,110,128,2.07,0.73,13.4610939393939,1.1272,25.8578,17,7,32,13
"Regina","CIESM","SSP2","2050",90,111,127,3.65,1.27,13.3374598484848,-0.1868,27.0886,27,9,48,24
"Regina","CMCC-ESM2","SSP2","2050",85,110,130,3.44,1.17,12.6593443181818,0.3657,25.1404,22,7,44,20
"Regina","CNRM-CM6-1-HR","SSP2","2050",73,105,126,3.07,0.87,12.2854746212121,0.4031,24.7187,23,5,45,16
"Regina","CNRM-ESM2-1","SSP2","2050",94,119,134,2.73,0.79,13.2168833333333,0.383,25.6071,21,5,46,17
"Regina","EC-Earth3-CC","SSP2","2050",94,117.5,134,2.23,0.61,13.2641912878788,0.777,25.428,18,6,40,15
"Regina","EC-Earth3-Veg-LR","SSP2","2050",87,112,131,3.33,1.12,12.8358068181818,0.3007,25.2705,22,8,43,20
"Regina","FGOALS-g3","SSP2","2050",82,106,127,2.11,0.47,12.7263018939394,0.8106,24.988,16,4,36,10
"Regina","FIO-ESM-2-0","SSP2","2050",82,108,127,1.99,0.63,13.0916518939394,1.4259,25.3264,15,4,29,8
"Regina","GFDL-ESM4","SSP2","2050",81,105,126,1.81,0.48,13.3025829545455,1.0745,26.0184,13,4,32,8
"Regina","HadGEM3-GC31-LL","SSP2","2050",89,112,131,2.86,0.86,13.1651178030303,0.5907,25.5274,18,8,42,14
"Regina","INM-CM4-8","SSP2","2050",91,114,131,2.51,0.63,13.2228924242424,0.8659,25.6656,17,5,39,10
"Regina","INM-CM5-0","SSP2","2050",80,109,130,4.24,1.39,12.0037871212121,-0.2422,24.3992,30,12,52,26
"Regina","IPSL-CM6A-LR","SSP2","2050",84,112,131,2.61,0.87,12.5936621212121,0.7891,24.308,15,6,37,10
"Regina","MIROC6","SSP2","2050",82,110,127,3.39,1.21,12.7080924242424,0.1711,25.2624,21,8,44,19
"Regina","MPI-ESM1-2-LR","SSP2","2050",86,115.5,132,2.89,0.86,12.7950420454545,0.4624,25.3064,21,7,44,19
"Regina","MRI-ESM2-0","SSP2","2050",92,114,131,3.18,1.02,13.2279083333333,0.5573,25.9719,20,9,40,20
"Regina","NESM3","SSP2","2050",93,112,127,1.37,0.42,14.0604696969697,1.8373,26.3123,13,2,26,11
"Regina","ACCESS-CM2","SSP3","2050",80,109.5,127,2.97,1,12.896434469697,0.9266,25.2415,20,7,39,15
"Regina","AWI-CM-1-1-MR","SSP3","2050",83,107,126,1.15,0.44,14.1464875,2.5226,26.1633,6,3,19,6
"Regina","CNRM-CM6-1-HR","SSP3","2050",76,107,127,3.29,0.87,12.4405988636364,0.4028,24.9539,22,7,47,19
"Regina","CNRM-ESM2-1","SSP3","2050",93,116,131,2.88,0.91,13.3055246212121,0.5465,25.7844,17,7,40,18
"Regina","EC-Earth3-AerChem","SSP3","2050",88,112,130,3.14,1.2,12.7318931818182,0.3859,24.9845,21,10,44,18
"Regina","EC-Earth3-Veg-LR","SSP3","2050",78,106,128,2.14,0.48,12.6875208333333,1.0161,24.8821,17,3,37,11
"Regina","FGOALS-g3","SSP3","2050",83,107,127,1.96,0.7,13.1400935606061,1.2856,25.381,14,5,32,8
"Regina","GFDL-ESM4","SSP3","2050",82,107,127,1.8,0.48,13.2458136363636,1.3123,25.6692,13,3,32,6
"Regina","INM-CM4-8","SSP3","2050",92,115,130,2.98,0.94,13.2563931818182,0.754,25.9599,18,9,38,14
"Regina","INM-CM5-0","SSP3","2050",68,103.5,128,3.91,1.38,11.5327871212121,-0.1062,23.7063,29,8,47,25
"Regina","IPSL-CM6A-LR","SSP3","2050",85,111,131,2.24,0.6,12.821178030303,1.0821,24.6662,13,5,36,9
"Regina","MIROC6","SSP3","2050",81,108,127,2.44,0.71,12.8531287878788,0.865,25.2642,16,4,40,12
"Regina","MPI-ESM1-2-LR","SSP3","2050",83,113,131,2.16,0.8,12.8114045454546,0.9988,24.6845,16,7,33,11
"Regina","MRI-ESM2-0","SSP3","2050",86,112,131,3.62,1.32,12.7588583333333,0.2841,25.2054,19,8,44,20
"Regina","ACCESS-CM2","SSP5","2050",75,104,126,2.61,0.82,12.6594693181818,0.5917,25.142,14,7,36,12
"Regina","AWI-CM-1-1-MR","SSP5","2050",79,108.5,126,1.06,0.35,13.5021053030303,2.6879,24.694,6,2,15,5
"Regina","CIESM","SSP5","2050",86,108.5,127,4.74,1.79,12.9417579545454,-0.485,26.8017,33,14,56,31
"Regina","CMCC-ESM2","SSP5","2050",80,107.5,127,2.77,0.86,12.6974147727273,0.7029,25.1204,19,5,42,13
"Regina","CNRM-CM6-1-HR","SSP5","2050",69,103,126,3.16,1.13,12.1403856060606,0.3821,24.5225,21,8,41,18
"Regina","CNRM-ESM2-1","SSP5","2050",92,117,133,2.73,0.85,13.2243727272727,0.5234,25.6352,19,7,43,16
"Regina","EC-Earth3-CC","SSP5","2050",95,117,132,2.09,0.61,13.4955087121212,1.202,25.5952,15,7,30,9
"Regina","EC-Earth3-Veg-LR","SSP5","2050",87,113,131,2.53,0.86,13.0790018939394,0.7075,25.4696,18,8,38,13
"Regina","FGOALS-g3","SSP5","2050",81,106,127,2.08,0.47,12.7898257575758,0.9508,25.0349,17,4,36,9
"Regina","FIO-ESM-2-0","SSP5","2050",81,105,125,1.71,0.45,13.4918458333333,1.2036,26.3267,11,4,31,8
"Regina","GFDL-ESM4","SSP5","2050",75,103,126,2.42,0.81,12.9133083333333,0.9366,25.3524,18,7,33,13
"Regina","HadGEM3-GC31-LL","SSP5","2050",80,106.5,127,1.84,0.6,13.172553030303,1.4445,25.4088,15,5,29,8
"Regina","HadGEM3-GC31-MM","SSP5","2050",85,108,126,1.66,0.57,13.89455,1.736,26.6554,12,4,28,8
"Regina","INM-CM4-8","SSP5","2050",90,113,131,2.47,0.77,13.1927564393939,0.855,25.4199,17,8,34,14
"Regina","INM-CM5-0","SSP5","2050",78,106,127,2.1,0.32,12.5789257575758,0.8652,24.7743,14,3,41,8
"Regina","IPSL-CM6A-LR","SSP5","2050",75,107,128,2.07,0.64,12.8229125,1.3163,24.6777,16,5,32,7
"Regina","MIROC6","SSP5","2050",84,107,126,2.06,0.6,13.0056136363636,0.826,25.494,14,4,36,10
"Regina","MPI-ESM1-2-LR","SSP5","2050",87,115,132,2.47,0.73,12.8318367424242,0.9011,24.9339,17,5,36,13
"Regina","MRI-ESM2-0","SSP5","2050",86,109.5,128,2.73,1,13.0034534090909,0.7304,25.4405,17,6,40,13
"Regina","NESM3","SSP5","2050",87,108,125,1.37,0.5,14.0375541666667,2.1849,26.2701,14,3,26,11
"Regina","ACCESS-CM2","SSP1","2085",73,105.5,126,2.12,0.67,12.9558306818182,0.939,25.4366,15,5,34,10
"Regina","AWI-CM-1-1-MR","SSP1","2085",85,110,130,1.72,0.65,13.121521969697,1.6987,24.6542,16,6,26,11
"Regina","CIESM","SSP1","2085",94,114,129,8.17,3.56,13.1845731060606,-2.2249,28.5086,54,22,68,48
"Regina","CMCC-ESM2","SSP1","2085",71,101,125,2.58,1.11,13.0069685606061,1.0399,25.3276,14,6,30,12
"Regina","CNRM-CM6-1-HR","SSP1","2085",71,104.5,127,2.93,0.76,11.8819484848485,0.4986,23.6848,19,4,43,16
"Regina","CNRM-ESM2-1","SSP1","2085",93,117,132,2.93,0.97,13.3320564393939,0.496,25.9401,19,8,45,17
"Regina","EC-Earth3-Veg-LR","SSP1","2085",90,116,131,2.99,0.99,13.3645181818182,0.5721,26.0938,20,9,40,18
"Regina","FGOALS-g3","SSP1","2085",90,110,127,1.57,0.55,13.8481662878788,1.4776,26.4579,12,4,30,10
"Regina","FIO-ESM-2-0","SSP1","2085",86,112,130,3.03,1.11,12.7990924242424,0.4142,25.0916,19,9,39,18
"Regina","GFDL-ESM4","SSP1","2085",89,112,130,3.47,1.16,13.0937200757576,0.1232,25.8556,20,9,48,21
"Regina","HadGEM3-GC31-LL","SSP1","2085",85,107.5,126,1.83,0.65,13.7002946969697,1.4427,26.3937,12,6,29,8
"Regina","HadGEM3-GC31-MM","SSP1","2085",83,109,127,2.27,0.8,13.3746765151515,1.2546,25.7102,16,6,33,12
"Regina","INM-CM4-8","SSP1","2085",88,112,128,2.38,0.99,13.1749352272727,1.0343,25.2225,17,9,32,13
"Regina","INM-CM5-0","SSP1","2085",84,111,131,4.14,1.44,12.3142272727273,-0.0366,24.6682,25,10,49,22
"Regina","IPSL-CM6A-LR","SSP1","2085",82,109,130,2.98,0.98,12.3777473484848,0.6853,24.3559,19,6,42,13
"Regina","MIROC6","SSP1","2085",85,111,128,3.25,1.17,12.9436875,0.2476,25.7954,21,8,48,20
"Regina","MPI-ESM1-2-LR","SSP1","2085",88,115,132,2.96,0.96,12.806603030303,0.4787,25.3038,19,6,44,18
"Regina","MRI-ESM2-0","SSP1","2085",98,120.5,135,2.91,0.65,13.2032935606061,0.0399,25.9941,24,5,51,18
"Regina","NESM3","SSP1","2085",86,109,127,2.02,0.73,13.5226647727273,1.4751,25.7464,15,4,32,12
"Regina","ACCESS-CM2","SSP2","2085",78,104,124,1.57,0.48,13.6853318181818,1.6417,26.0765,11,5,27,10
"Regina","AWI-CM-1-1-MR","SSP2","2085",79,106,124,0.98,0.43,14.1830268939394,2.6122,26.2696,5,3,14,5
"Regina","CIESM","SSP2","2085",85,107.5,126,4.52,1.64,13.1668568181818,-0.5179,27.3579,33,10,60,29
"Regina","CMCC-ESM2","SSP2","2085",71,101,123,2.44,1.07,13.0572473484849,1.2981,25.4178,13,6,26,11
"Regina","CNRM-CM6-1-HR","SSP2","2085",68,104,125,2.91,0.94,12.4388231060606,0.8099,24.7494,16,5,36,14
"Regina","CNRM-ESM2-1","SSP2","2085",88,115,132,3.17,1.04,12.8731757575758,0.2429,25.6263,20,8,44,19
"Regina","EC-Earth3-CC","SSP2","2085",80,109,129,2.12,0.71,13.0373848484849,1.3029,25.0649,18,5,32,13
"Regina","EC-Earth3-Veg-LR","SSP2","2085",78,106,127,1.97,0.58,12.9515772727273,1.1173,25.275,15,5,33,10
"Regina","FGOALS-g3","SSP2","2085",83,108,128,1.93,0.67,13.2385723484848,1.3416,25.5695,15,5,32,9
"Regina","FIO-ESM-2-0","SSP2","2085",79,105,126,1.36,0.31,13.3553625,1.4273,25.7478,9,2,29,7
"Regina","GFDL-ESM4","SSP2","2085",80,105.5,126,1.37,0.31,13.4640731060606,1.5171,25.9724,10,3,30,6
"Regina","HadGEM3-GC31-LL","SSP2","2085",72,101,124,2.29,0.81,13.2916060606061,1.4506,25.4695,12,6,27,11
"Regina","INM-CM4-8","SSP2","2085",87,112,129,2.48,0.83,13.1771571969697,0.7821,25.5277,17,7,37,13
"Regina","INM-CM5-0","SSP2","2085",76,106,129,3.02,0.8,12.1947386363636,0.529,24.2014,16,6,40,16
"Regina","IPSL-CM6A-LR","SSP2","2085",75,106.5,126,1.85,0.61,13.0564386363636,1.4011,25.1583,15,5,30,12
"Regina","MIROC6","SSP2","2085",80,106.5,127,2.68,0.59,12.6808670454545,0.355,25.6049,22,5,47,18
"Regina","MPI-ESM1-2-LR","SSP2","2085",81,109,130,2.67,0.89,12.6701018939394,0.7996,24.8668,17,5,35,14
"Regina","MRI-ESM2-0","SSP2","2085",86,113,131,3.76,1.48,12.7835022727273,-0.0789,25.527,23,12,49,21
"Regina","NESM3","SSP2","2085",84,108,126,1.32,0.52,14.1175015151515,2.3373,26.3292,10,3,22,8
"Regina","ACCESS-CM2","SSP3","2085",70,101,120,2.24,0.76,13.5680359848485,1.5518,25.8269,15,6,29,14
"Regina","AWI-CM-1-1-MR","SSP3","2085",77,103,124,0.68,0.32,14.4130965909091,3.9574,25.2339,4,2,10,4
"Regina","CNRM-CM6-1-HR","SSP3","2085",60,95,119,2.91,1.02,12.7563257575758,1.0249,24.7802,20,9,31,19
"Regina","CNRM-ESM2-1","SSP3","2085",77,109,128,1.48,0.39,13.1257511363636,1.5601,25.0801,15,4,28,9
"Regina","EC-Earth3-AerChem","SSP3","2085",68,100,123,1.91,0.53,12.8376742424242,1.7364,24.5252,12,7,24,12
"Regina","EC-Earth3-Veg-LR","SSP3","2085",68,102,124,2.21,1.02,13.3384140151515,1.7687,25.2721,12,6,23,9
"Regina","FGOALS-g3","SSP3","2085",80,104,126,1.71,0.53,13.3080534090909,1.3046,25.8124,13,4,28,9
"Regina","GFDL-ESM4","SSP3","2085",76,101,123,2.58,1.07,13.5285276515152,1.0085,26.4047,15,5,31,15
"Regina","INM-CM4-8","SSP3","2085",79,106,127,1.44,0.43,13.2406117424242,1.8081,25.2052,10,4,25,5
"Regina","INM-CM5-0","SSP3","2085",68,101,126,2.76,1.05,12.392328030303,0.9709,24.4278,15,9,32,11
"Regina","IPSL-CM6A-LR","SSP3","2085",65,100.5,121,1.61,0.32,13.0885284090909,1.8065,24.7335,13,2,25,11
"Regina","MIROC6","SSP3","2085",70,101,123,3,1.35,12.9740681818182,1.1453,25.2397,16,8,28,14
"Regina","MPI-ESM1-2-LR","SSP3","2085",71,105,126,1.89,0.63,13.0811503787879,1.5995,24.9708,10,4,26,10
"Regina","MRI-ESM2-0","SSP3","2085",84,109,128,2.67,0.94,12.8957643939394,0.7737,25.4959,18,6,39,15
"Regina","ACCESS-CM2","SSP5","2085",71,99,122,2.44,0.9,13.5336609848485,2.0156,25.5465,16,6,23,15
"Regina","AWI-CM-1-1-MR","SSP5","2085",74,101,123,0.87,0.28,14.5693621212121,4.057,25.5119,7,3,16,5
"Regina","CIESM","SSP5","2085",69,94,116,2.48,0.9,13.9511556818182,0.9133,27.6012,21,6,35,18
"Regina","CMCC-ESM2","SSP5","2085",68,97,121,2.1,0.75,13.4219090909091,1.8422,25.5442,16,6,26,13
"Regina","CNRM-CM6-1-HR","SSP5","2085",58,93,118,2.3,0.69,12.9066700757576,1.5757,24.7414,19,6,29,14
"Regina","CNRM-ESM2-1","SSP5","2085",72,106,125,2.14,0.8,13.3306897727273,1.5387,25.5769,12,5,27,11
"Regina","EC-Earth3-CC","SSP5","2085",76,101.5,124,2.1,0.7,13.4625973484848,2.1432,25.048,16,4,21,13
"Regina","EC-Earth3-Veg-LR","SSP5","2085",65,97,121,2,0.72,13.2129829545455,2.2819,24.8056,13,4,23,12
"Regina","FGOALS-g3","SSP5","2085",74,100,122,1.65,0.53,13.8550003787879,2.1191,26.0301,10,3,23,8
"Regina","FIO-ESM-2-0","SSP5","2085",72,96.5,120,2.09,0.72,13.5765321969697,1.9443,25.6728,16,5,24,16
"Regina","GFDL-ESM4","SSP5","2085",69,98.5,122,2.2,0.77,13.339503030303,1.9675,25.2551,14,4,24,12
"Regina","HadGEM3-GC31-LL","SSP5","2085",75,103,123,1.57,0.53,14.6824647727273,2.3353,27.0517,14,4,23,12
"Regina","HadGEM3-GC31-MM","SSP5","2085",78,101,121,1.89,0.72,14.7779140151515,2.5351,27.2631,15,5,20,12
"Regina","INM-CM4-8","SSP5","2085",75,104,125,1.62,0.59,13.6259238636364,1.8655,25.8734,10,5,23,9
"Regina","INM-CM5-0","SSP5","2085",68,102,126,2.69,1.07,12.615859469697,0.89,24.985,13,8,31,11
"Regina","IPSL-CM6A-LR","SSP5","2085",66,102,141,1.1,0.28,14.6623098484848,3.1453,26.4007,8,1,16,6
"Regina","MIROC6","SSP5","2085",70,96,120,2.33,0.75,13.3154992424242,1.5221,25.7412,18,6,27,16
"Regina","MPI-ESM1-2-LR","SSP5","2085",75,102,124,2.02,0.89,13.2812996212121,1.7747,25.3959,11,6,22,9
"Regina","MRI-ESM2-0","SSP5","2085",79,104.5,126,1.89,0.59,13.1744537878788,1.0287,25.6419,14,6,32,9
"Regina","NESM3","SSP5","2085",74,101.5,120,1.58,0.54,14.5130064393939,2.7064,26.6852,11,3,20,10
"Lapins","none","none","1960",110,129,144,0.79,0.14,12.9809950757576,2.3888,23.2168,7,1,18,4
"Lapins","none","none","1970",112,131,145,1.49,0.43,13.1563515151515,1.7733,23.6035,12,4,28,9
"Lapins","none","none","1980",113,132,147,1.79,0.49,12.7607318181818,1.7172,23.1007,14,5,27,10
"Lapins","none","none","1990",104,127,143,1.16,0.32,12.7600518939394,1.7005,23.237,11,3,27,9
"Lapins","none","none","2000",92,119,137,2.49,0.71,12.729240530303,0.5989,24.8377,18,7,45,14
"Lapins","none","none","2010",95,120,138,3.13,0.85,12.8108920454545,0.3175,25.2434,22,5,51,18
"Lapins","none","none","2020",86,118,137,4.97,1.64,12.0452715909091,-0.4653,24.6268,34,13,54,21
"Lapins","ACCESS-CM2","SSP1","2050",68,105,126,3.51,1.19,11.9031128787879,0.2217,24.1206,26,9,48,18
"Lapins","AWI-CM-1-1-MR","SSP1","2050",76,108,128,2.55,0.8,12.523375,0.9575,24.4916,16,8,34,12
"Lapins","CIESM","SSP1","2050",91,114,131,4.65,1.94,13.2027333333333,-0.5204,26.6877,29,13,54,28
"Lapins","CMCC-ESM2","SSP1","2050",75,107,128,3.37,0.92,11.9656511363636,0.0906,24.1556,26,7,50,22
"Lapins","CNRM-CM6-1-HR","SSP1","2050",60,100,124,4.45,1.77,11.2803125,-0.0603,22.9584,29,12,44,21
"Lapins","CNRM-ESM2-1","SSP1","2050",89,115,133,3.18,1.35,12.5843522727273,0.2572,24.8506,20,11,42,18
"Lapins","EC-Earth3-Veg-LR","SSP1","2050",79,111,129,3.33,0.95,12.7017981060606,0.4922,25.3336,24,7,46,20
"Lapins","FGOALS-g3","SSP1","2050",86,113,133,3.79,1.67,12.4509840909091,0.256,24.5116,21,10,40,20
"Lapins","FIO-ESM-2-0","SSP1","2050",73,103,126,3.79,1.5,11.8572068181818,0.157,23.9526,22,9,45,19
"Lapins","GFDL-ESM4","SSP1","2050",81,110,129,3.2,0.97,12.6832768939394,0.4921,25.3036,21,7,45,17
"Lapins","HadGEM3-GC31-LL","SSP1","2050",81,110.5,130,3.45,1.3,12.552625,0.5434,24.8839,20,10,41,18
"Lapins","HadGEM3-GC31-MM","SSP1","2050",79,107,127,2.53,0.76,12.6443988636364,0.7118,24.8897,15,8,39,13
"Lapins","INM-CM4-8","SSP1","2050",85,112,130,3.13,1.04,12.8411681818182,0.9327,24.9959,17,7,37,10
"Lapins","INM-CM5-0","SSP1","2050",74,107,129,4.69,1.59,11.742646969697,-0.5419,24.1241,35,10,58,28
"Lapins","IPSL-CM6A-LR","SSP1","2050",71,108,128,2.74,0.64,12.189065530303,0.5147,24.0674,21,6,43,14
"Lapins","MIROC6","SSP1","2050",74,104.5,125,3.44,1.14,12.1533833333333,0.035,24.6204,25,7,45,23
"Lapins","MPI-ESM1-2-LR","SSP1","2050",75,110,130,4.18,1.38,12.0450518939394,0.0925,24.3123,28,9,51,21
"Lapins","MRI-ESM2-0","SSP1","2050",87,115,133,3.86,1.67,12.5705859848485,0.0913,25.1184,23,13,48,20
"Lapins","NESM3","SSP1","2050",78,108,128,2.71,0.82,12.5895136363636,0.7309,24.6496,18,7,36,12
"Lapins","ACCESS-CM2","SSP2","2050",66,98,123,3.47,1.3,11.8686484848485,0.381,23.6631,21,9,37,18
"Lapins","AWI-CM-1-1-MR","SSP2","2050",75,107,126,1.99,0.59,12.8781162878788,0.9907,25.194,12,5,33,10
"Lapins","CIESM","SSP2","2050",84,109,128,4.25,1.49,12.8699128787879,-0.2401,26.3546,31,9,52,23
"Lapins","CMCC-ESM2","SSP2","2050",74,106,127,3.54,1.01,11.9785553030303,-0.1945,24.2047,28,9,50,25
"Lapins","CNRM-CM6-1-HR","SSP2","2050",59,97.5,123,4.9,1.93,11.2983916666667,-0.1938,23.135,31,14,46,25
"Lapins","CNRM-ESM2-1","SSP2","2050",84,116,133,4.26,1.74,12.1407901515152,-0.1677,24.4469,26,11,49,20
"Lapins","EC-Earth3-CC","SSP2","2050",86,115,133,3.42,1.43,12.3585208333333,0.4879,24.4567,22,11,39,17
"Lapins","EC-Earth3-Veg-LR","SSP2","2050",78,108.5,129,3.29,1.11,12.1920401515152,0.2839,24.285,21,7,42,19
"Lapins","FGOALS-g3","SSP2","2050",70,100.5,124,3.91,1.52,11.7772212121212,0.4058,23.5972,20,10,36,19
"Lapins","FIO-ESM-2-0","SSP2","2050",75,103,125,2.73,1.05,12.3324787878788,0.553,24.4265,20,7,38,13
"Lapins","GFDL-ESM4","SSP2","2050",72,101,124,3.35,1.47,12.4166575757576,0.6529,24.4631,20,10,31,18
"Lapins","HadGEM3-GC31-LL","SSP2","2050",80,109.5,129,3.24,1.17,12.4911143939394,0.43,24.8099,19,9,40,16
"Lapins","INM-CM4-8","SSP2","2050",80,110,129,2.91,0.81,12.4060541666667,0.525,24.4716,17,6,42,14
"Lapins","INM-CM5-0","SSP2","2050",69,104,128,5.19,1.97,11.2123825757576,-0.6902,23.3561,35,15,56,29
"Lapins","IPSL-CM6A-LR","SSP2","2050",64,105.5,127,3.49,1.01,11.5617454545455,0.2491,23.3569,21,6,48,14
"Lapins","MIROC6","SSP2","2050",69,105,126,4.31,1.46,11.8807962121212,-0.1359,24.2522,29,10,52,24
"Lapins","MPI-ESM1-2-LR","SSP2","2050",73,110,131,4.26,1.46,11.7985185606061,-0.0108,23.6565,27,9,50,24
"Lapins","MRI-ESM2-0","SSP2","2050",83,111.5,131,3.66,1.39,12.5812825757576,0.3148,24.9125,22,8,44,20
"Lapins","NESM3","SSP2","2050",81,109,128,2.1,0.68,13.3359416666667,1.4459,25.47,15,4,30,9
"Lapins","ACCESS-CM2","SSP3","2050",68,103.5,125,3.55,1.31,11.882871969697,0.1669,23.8908,20,11,45,17
"Lapins","AWI-CM-1-1-MR","SSP3","2050",73,104,123,1.67,0.63,13.2101143939394,1.711,25.0323,12,5,26,9
"Lapins","CNRM-CM6-1-HR","SSP3","2050",60,100,125,4.68,1.71,11.2448333333333,-0.0526,22.8818,26,11,48,22
"Lapins","CNRM-ESM2-1","SSP3","2050",82,112.5,131,3.75,1.37,12.5021026515152,0.299,24.7282,21,9,43,18
"Lapins","EC-Earth3-AerChem","SSP3","2050",63,106,127,4.04,1.36,11.6768920454545,-0.0577,23.887,30,11,51,22
"Lapins","EC-Earth3-Veg-LR","SSP3","2050",68,100.5,125,3.48,1.32,11.8414833333333,0.5512,23.3797,22,8,38,20
"Lapins","FGOALS-g3","SSP3","2050",72,102,124,2.85,1.16,12.335303030303,0.8137,24.246,21,7,35,14
"Lapins","GFDL-ESM4","SSP3","2050",66,103,125,2.95,1.24,12.3004568181818,0.5981,24.4997,20,9,37,15
"Lapins","INM-CM4-8","SSP3","2050",81,112,130,3.37,0.95,12.5330011363636,0.4357,24.6788,19,6,44,13
"Lapins","INM-CM5-0","SSP3","2050",51,94,122,6.62,2.18,10.5630806818182,-0.6638,22.2147,40,19,52,31
"Lapins","IPSL-CM6A-LR","SSP3","2050",62,105,126,3.17,1.05,11.8622056818182,0.4506,23.781,21,7,42,14
"Lapins","MIROC6","SSP3","2050",66,103,125,3.68,1.39,11.8995598484848,0.1268,24.0159,22,10,46,20
"Lapins","MPI-ESM1-2-LR","SSP3","2050",71,107,128,2.46,0.61,11.9635984848485,0.5845,23.4735,19,6,41,13
"Lapins","MRI-ESM2-0","SSP3","2050",77,107.5,128,3.31,1.01,12.1879674242424,0.0978,24.4748,20,6,48,21
"Lapins","ACCESS-CM2","SSP5","2050",65,98.5,122,3.52,1.32,11.8106988636364,0.3726,23.6155,21,9,37,19
"Lapins","AWI-CM-1-1-MR","SSP5","2050",60,100,124,2,0.85,12.3421818181818,2.103,23.1488,12,6,21,11
"Lapins","CIESM","SSP5","2050",75,107,127,4.84,1.54,12.357040530303,-0.6885,25.6683,37,12,59,29
"Lapins","CMCC-ESM2","SSP5","2050",70,103,125,4.09,1.55,11.8163386363636,0.1203,23.9691,22,11,44,19
"Lapins","CNRM-CM6-1-HR","SSP5","2050",58,95,121,5.76,1.71,11.1878174242424,0.0251,22.6432,30,14,46,24
"Lapins","CNRM-ESM2-1","SSP5","2050",78,113,131,3.54,1.4,12.3164617424242,0.467,24.3337,23,8,40,17
"Lapins","EC-Earth3-CC","SSP5","2050",85,113.5,131,3,1.09,12.6431598484849,1.0362,24.3763,16,8,31,11
"Lapins","EC-Earth3-Veg-LR","SSP5","2050",75,108,128,3.04,0.83,12.2712007575758,0.4665,24.4927,19,7,41,16
"Lapins","FGOALS-g3","SSP5","2050",68,100,124,3.74,1.34,11.7752458333333,0.5006,23.3449,19,9,36,18
"Lapins","FIO-ESM-2-0","SSP5","2050",68,100,122,3.08,1.24,12.5116340909091,0.7885,24.5914,20,10,34,18
"Lapins","GFDL-ESM4","SSP5","2050",63,97,121,3.18,1.17,12.0593151515152,0.7955,23.8032,17,8,34,16
"Lapins","HadGEM3-GC31-LL","SSP5","2050",71,102,125,2.86,1.15,12.2547924242424,0.8316,24.0009,19,9,30,17
"Lapins","HadGEM3-GC31-MM","SSP5","2050",74,105,125,1.55,0.36,13.1794026515152,1.431,25.5024,10,3,29,7
"Lapins","INM-CM4-8","SSP5","2050",81,109,129,2.53,0.7,12.5744356060606,0.9428,24.5673,18,6,33,11
"Lapins","INM-CM5-0","SSP5","2050",59,99,124,3.72,1.2,11.5292727272727,0.3764,23.1878,21,8,44,19
"Lapins","IPSL-CM6A-LR","SSP5","2050",62,100,123,2.75,0.88,11.8462393939394,0.9689,23.3752,18,5,36,14
"Lapins","MIROC6","SSP5","2050",67,102,124,3.72,1.54,11.9935375,0.31,24.1485,21,10,39,16
"Lapins","MPI-ESM1-2-LR","SSP5","2050",74,109.5,131,3.13,0.98,11.9680871212121,0.3833,23.6062,22,8,42,18
"Lapins","MRI-ESM2-0","SSP5","2050",76,106,126,2.8,0.82,12.5382011363636,0.3254,25.1299,19,6,45,14
"Lapins","NESM3","SSP5","2050",71,104,125,1.61,0.55,13.2360734848485,1.8048,25.0991,13,5,26,10
"Lapins","ACCESS-CM2","SSP1","2085",63,100,124,3.42,1.43,11.8032492424242,0.499,23.7654,20,9,36,18
"Lapins","AWI-CM-1-1-MR","SSP1","2085",74,106,127,1.49,0.42,12.5444102272727,1.2687,24.1654,13,3,28,9
"Lapins","CIESM","SSP1","2085",91,115.5,131,8.04,3.47,12.9002852272727,-2.1206,27.7875,52,20,68,44
"Lapins","CMCC-ESM2","SSP1","2085",64,96,120,3.79,1.4,12.0884837121212,0.4818,23.9673,24,11,40,20
"Lapins","CNRM-CM6-1-HR","SSP1","2085",59,96,123,4.8,1.66,11.1009215909091,0.0608,22.3011,31,11,45,23
"Lapins","CNRM-ESM2-1","SSP1","2085",82,114,131,3.55,1.38,12.4322723484848,0.296,24.5782,19,9,42,17
"Lapins","EC-Earth3-Veg-LR","SSP1","2085",80,112,130,3.92,1.34,12.5012007575758,0.2788,24.845,24,10,46,19
"Lapins","FGOALS-g3","SSP1","2085",81,108,127,1.9,0.62,13.3050352272727,1.3015,25.7209,13,6,30,7
"Lapins","FIO-ESM-2-0","SSP1","2085",78,108,130,3.37,0.93,12.0708231060606,0.3126,24.131,23,6,46,18
"Lapins","GFDL-ESM4","SSP1","2085",81,109,129,3.28,1.01,12.5091231060606,0.3283,25.0919,22,8,44,21
"Lapins","HadGEM3-GC31-LL","SSP1","2085",77,105,125,2.01,0.54,13.0727435606061,1.1409,25.5974,15,4,32,8
"Lapins","HadGEM3-GC31-MM","SSP1","2085",75,105,125,2.38,0.84,12.5492534090909,0.8197,24.7851,16,5,39,11
"Lapins","INM-CM4-8","SSP1","2085",75,108.5,128,2.19,0.49,12.533328030303,0.8544,24.3758,16,5,36,10
"Lapins","INM-CM5-0","SSP1","2085",72,105.5,128,4.1,1.32,11.5978909090909,-0.338,23.7778,31,14,54,26
"Lapins","IPSL-CM6A-LR","SSP1","2085",64,103,126,3.86,1.42,11.4369287878788,0.0862,23.1547,25,9,48,20
"Lapins","MIROC6","SSP1","2085",74,107,127,3.79,1.15,12.2490295454545,-0.1733,24.8218,29,8,55,25
"Lapins","MPI-ESM1-2-LR","SSP1","2085",74,110,130,3.62,1.24,11.9005965909091,0.2409,23.7197,23,7,46,21
"Lapins","MRI-ESM2-0","SSP1","2085",92,119,137,3.75,1.06,12.5882435606061,-0.0115,25.2182,24,8,51,21
"Lapins","NESM3","SSP1","2085",70,104.5,125,1.81,0.57,12.606225,1.1522,24.7505,14,6,34,9
"Lapins","ACCESS-CM2","SSP2","2085",66,100,122,2.42,0.86,12.5987666666667,1.2797,24.575,16,8,29,13
"Lapins","AWI-CM-1-1-MR","SSP2","2085",60,99,121,2.13,0.9,12.7955522727273,1.7002,24.3903,15,6,25,13
"Lapins","CIESM","SSP2","2085",77,106,126,4.81,1.59,12.5931492424242,-0.823,26.3661,35,12,62,31
"Lapins","CMCC-ESM2","SSP2","2085",64,95,119,4.42,1.67,11.9735412878788,0.3,23.9402,29,13,43,23
"Lapins","CNRM-CM6-1-HR","SSP2","2085",55,95,121,5.62,1.82,11.2722435606061,0.2122,22.7919,30,15,42,22
"Lapins","CNRM-ESM2-1","SSP2","2085",76,111,130,4.52,1.69,12.0228022727273,-0.28,24.3776,30,12,53,25
"Lapins","EC-Earth3-CC","SSP2","2085",68,104,125,2.68,1.05,12.1801056818182,0.8366,24.0838,17,7,36,14
"Lapins","EC-Earth3-Veg-LR","SSP2","2085",63,100,124,3.2,1.2,11.9655871212121,0.7656,23.5139,20,9,34,17
"Lapins","FGOALS-g3","SSP2","2085",74,105,125,2.14,0.6,12.6107537878788,1.0467,24.576,15,5,36,12
"Lapins","FIO-ESM-2-0","SSP2","2085",65,99,121,2.52,0.92,12.3380685606061,1.1835,23.9728,17,7,32,16
"Lapins","GFDL-ESM4","SSP2","2085",65,100,123,2.99,1.21,12.4133878787879,0.8904,24.2605,20,9,32,19
"Lapins","HadGEM3-GC31-LL","SSP2","2085",66,96,120,2.98,1.14,12.4048257575758,0.9553,24.1857,19,8,35,18
"Lapins","INM-CM4-8","SSP2","2085",77,107.5,128,2.9,0.73,12.4367568181818,0.52,24.6732,20,7,42,12
"Lapins","INM-CM5-0","SSP2","2085",63,99,124,3.81,1.22,11.3605829545455,0.3627,22.7523,19,7,41,19
"Lapins","IPSL-CM6A-LR","SSP2","2085",60,98,124,2.84,1.09,11.9432003787879,1.0269,23.3232,16,8,34,13
"Lapins","MIROC6","SSP2","2085",64,101,124,4.57,1.74,11.6776026515152,-0.4504,23.9615,26,12,52,24
"Lapins","MPI-ESM1-2-LR","SSP2","2085",68,103,126,3.29,1.24,11.8279424242424,0.2855,23.7423,19,8,43,14
"Lapins","MRI-ESM2-0","SSP2","2085",78,109,130,4.05,1.27,12.0591352272727,-0.1269,24.6159,31,10,55,22
"Lapins","NESM3","SSP2","2085",74,105,125,1.29,0.35,13.3603742424242,1.882,25.5334,10,4,25,8
"Lapins","ACCESS-CM2","SSP3","2085",62,93.5,118,3.95,1.18,12.0839606060606,0.7638,24.2115,26,10,43,21
"Lapins","AWI-CM-1-1-MR","SSP3","2085",60,94,118,1.08,0.21,12.8354049242424,2.9702,23.5089,9,1,22,5
"Lapins","CNRM-CM6-1-HR","SSP3","2085",53,85,113,2.71,0.99,11.3292848484848,1.1154,21.8577,21,7,33,14
"Lapins","CNRM-ESM2-1","SSP3","2085",62,102,124,2.83,1.17,12.002653030303,0.7357,23.7813,18,8,34,15
"Lapins","EC-Earth3-AerChem","SSP3","2085",55,89,118,4.74,1.28,11.3758867424242,0.595,22.7017,29,11,43,23
"Lapins","EC-Earth3-Veg-LR","SSP3","2085",60,94,120,2.93,0.96,12.1382162878788,1.1965,23.3681,20,7,36,18
"Lapins","FGOALS-g3","SSP3","2085",67,99,121,2.57,0.97,12.2693246212121,1.0283,24.1743,17,7,29,15
"Lapins","GFDL-ESM4","SSP3","2085",65,96,119,3.25,1.28,12.5930840909091,0.6303,24.8471,20,10,38,20
"Lapins","INM-CM4-8","SSP3","2085",65,100,123,2.34,0.93,12.1708037878788,1.2276,23.4165,17,7,30,13
"Lapins","INM-CM5-0","SSP3","2085",59,92.5,119,5.41,1.91,11.3521287878788,-0.088,22.7196,35,17,48,26
"Lapins","IPSL-CM6A-LR","SSP3","2085",54,88.5,117,3.14,0.72,11.6043246212121,0.8169,22.5701,24,6,45,22
"Lapins","MIROC6","SSP3","2085",57,92.5,117,4.46,1.48,11.7825791666667,0.2983,23.2648,30,13,44,25
"Lapins","MPI-ESM1-2-LR","SSP3","2085",60,95.5,120,3.06,1.09,11.8049424242424,0.9198,22.9434,24,7,36,19
"Lapins","MRI-ESM2-0","SSP3","2085",71,104.5,125,3.29,1.09,12.1301488636364,0.1825,24.3585,23,8,45,19
"Lapins","ACCESS-CM2","SSP5","2085",62,90,113,2.29,0.58,12.5075556818182,1.6937,23.8401,18,4,31,14
"Lapins","AWI-CM-1-1-MR","SSP5","2085",60,89,112,0.8,0.19,13.0846015151515,3.2945,23.2528,7,2,14,3
"Lapins","CIESM","SSP5","2085",65,90.5,110,4.15,1.35,12.6784238636364,0.0905,25.9126,30,11,49,26
"Lapins","CMCC-ESM2","SSP5","2085",61,89,115,2.32,0.58,12.1353454545455,1.1796,23.5606,19,4,35,13
"Lapins","CNRM-CM6-1-HR","SSP5","2085",54,81,112,3.01,1.07,11.2538575757576,1.3036,21.851,19,6,28,12
"Lapins","CNRM-ESM2-1","SSP5","2085",61,98,123,3.13,1.27,12.1375871212121,0.8035,23.6927,22,10,36,18
"Lapins","EC-Earth3-CC","SSP5","2085",61,92,118,2.15,0.68,12.3718371212121,1.6025,23.5868,18,5,29,13
"Lapins","EC-Earth3-Veg-LR","SSP5","2085",59,85.5,114,1.56,0.38,12.1692329545455,2.344,22.6205,12,3,22,10
"Lapins","FGOALS-g3","SSP5","2085",63,95,117,2.56,0.9,12.7701981060606,1.3383,24.3651,19,6,29,17
"Lapins","FIO-ESM-2-0","SSP5","2085",59,89.5,114,2.43,0.63,12.1933446969697,1.1661,23.4693,23,6,34,17
"Lapins","GFDL-ESM4","SSP5","2085",60,92.5,117,3.17,0.93,12.0996742424242,0.9973,23.3959,26,8,37,20
"Lapins","HadGEM3-GC31-LL","SSP5","2085",69,96,116,2.29,0.86,13.1727765151515,1.7787,25.3701,16,6,24,13
"Lapins","HadGEM3-GC31-MM","SSP5","2085",66,93,116,2.07,0.61,13.2461746212121,2.0656,24.9594,15,4,26,9
"Lapins","INM-CM4-8","SSP5","2085",62,97,121,2.55,0.96,12.4448174242424,1.3744,23.9445,19,7,29,16
"Lapins","INM-CM5-0","SSP5","2085",55,93,119,5.28,1.81,11.4512079545455,0.0948,22.9855,33,13,46,25
"Lapins","IPSL-CM6A-LR","SSP5","2085",60,91.5,116,1.56,0.51,13.2478992424242,2.3526,24.5091,12,2,19,9
"Lapins","MIROC6","SSP5","2085",54,88,112,3.32,0.93,11.8159636363636,0.8047,23.2319,26,9,41,19
"Lapins","MPI-ESM1-2-LR","SSP5","2085",61,95,120,2.94,0.96,12.1307223484848,0.9832,23.5732,21,6,39,17
"Lapins","MRI-ESM2-0","SSP5","2085",65,99,122,2.92,1.07,12.147396969697,0.8334,24.0815,19,8,32,16
"Lapins","NESM3","SSP5","2085",62,94,117,2.34,0.52,12.7621981060606,1.7745,24.1735,18,4,29,12
"Schneiders","none","none","1960",110,128,143,1.03,0.28,13.0435287878788,2.1683,23.3736,8,3,19,6
"Schneiders","none","none","1970",114,130,144,1.34,0.39,13.1654920454545,1.9093,23.8245,8,5,25,7
"Schneiders","none","none","1980",113,131.5,146,1.68,0.49,12.7663106060606,1.6325,23.1585,12,6,27,9
"Schneiders","none","none","1990",106,126,142,1.25,0.29,12.7812833333333,1.6434,23.3466,11,2,28,9
"Schneiders","none","none","2000",93,117,134,3.23,0.99,12.640803030303,0.2715,24.9978,23,7,49,19
"Schneiders","none","none","2010",95,118.5,134,3.94,1.16,12.6759685606061,-0.2098,25.4115,29,7,55,24
"Schneiders","none","none","2020",88,116.5,134,6.18,2.4,11.9763856060606,-0.8805,24.8467,38,15,54,30
"Schneiders","ACCESS-CM2","SSP1","2050",74,104,124,3.04,0.8,12.1856553030303,0.3919,24.4195,23,7,47,17
"Schneiders","AWI-CM-1-1-MR","SSP1","2050",81,108,126,2.38,0.78,12.6520068181818,1.1175,24.8709,14,5,33,10
"Schneiders","CIESM","SSP1","2050",91,111.5,128,4.77,1.94,13.2121272727273,-0.7522,27.3106,35,16,56,33
"Schneiders","CMCC-ESM2","SSP1","2050",77,106,126,3.4,1.07,12.1163140151515,0.235,24.4189,24,7,46,18
"Schneiders","CNRM-CM6-1-HR","SSP1","2050",65,101.5,122,4.24,1.59,11.6085977272727,0.0619,23.6213,24,11,49,20
"Schneiders","CNRM-ESM2-1","SSP1","2050",92,114,131,3.28,1.24,12.6965295454545,0.3293,25.1123,20,11,43,19
"Schneiders","EC-Earth3-Veg-LR","SSP1","2050",82,109,127,3.22,1.04,12.6381143939394,0.4815,25.3325,21,6,45,20
"Schneiders","FGOALS-g3","SSP1","2050",89,112,130,3.81,1.58,12.5832651515152,-0.0335,24.9231,25,10,47,24
"Schneiders","FIO-ESM-2-0","SSP1","2050",75,102,125,3.39,1.2,12.0846090909091,0.1796,24.3946,20,8,45,16
"Schneiders","GFDL-ESM4","SSP1","2050",83,108,126,3.29,1.08,12.7078200757576,0.3319,25.4502,21,6,46,19
"Schneiders","HadGEM3-GC31-LL","SSP1","2050",83,109.5,129,3.1,1.11,12.5847,0.5658,24.9077,21,8,40,19
"Schneiders","HadGEM3-GC31-MM","SSP1","2050",82,107,126,2.43,0.77,12.8028303030303,1.0049,25.2706,15,4,36,9
"Schneiders","INM-CM4-8","SSP1","2050",86,111,127,2.62,0.91,12.9612443181818,0.7818,25.3886,16,7,35,11
"Schneiders","INM-CM5-0","SSP1","2050",79,106,127,4.1,1.23,11.9553571969697,-0.1926,24.6077,32,10,56,25
"Schneiders","IPSL-CM6A-LR","SSP1","2050",75,108,126,3.07,0.86,12.3641643939394,0.6797,24.5151,17,6,41,11
"Schneiders","MIROC6","SSP1","2050",76,104,124,3.54,1.15,12.3033909090909,-0.027,25.2296,23,7,51,21
"Schneiders","MPI-ESM1-2-LR","SSP1","2050",78,109,128,3.43,0.87,12.0609825757576,0.3003,24.5379,24,7,50,19
"Schneiders","MRI-ESM2-0","SSP1","2050",89,114,130,3.67,1.49,12.6968128787879,-0.0284,25.4341,22,11,50,19
"Schneiders","NESM3","SSP1","2050",81,107,126,2.49,0.74,12.7461166666667,0.9545,25.0638,18,5,36,10
"Schneiders","ACCESS-CM2","SSP2","2050",71,99,121,3.74,1.55,12.0389837121212,0.3518,24.0145,20,10,39,19
"Schneiders","AWI-CM-1-1-MR","SSP2","2050",80,106,125,2.31,0.84,12.9757185606061,1.0781,25.5425,13,5,30,9
"Schneiders","CIESM","SSP2","2050",84,108,126,3.99,1.36,12.9972431818182,-0.0721,26.6615,30,9,48,25
"Schneiders","CMCC-ESM2","SSP2","2050",76,105.5,126,3.61,1,12.1443083333333,0.0527,24.7327,25,7,50,18
"Schneiders","CNRM-CM6-1-HR","SSP2","2050",64,98.5,121,4.6,1.81,11.5889583333333,-0.0919,23.5662,28,11,44,23
"Schneiders","CNRM-ESM2-1","SSP2","2050",87,114,131,4.1,1.57,12.3217712121212,-0.2363,24.8862,26,12,47,22
"Schneiders","EC-Earth3-CC","SSP2","2050",88,114,131,2.7,0.92,12.5558825757576,0.4407,24.7137,19,9,42,16
"Schneiders","EC-Earth3-Veg-LR","SSP2","2050",81,108,127,2.89,0.82,12.3102333333333,0.4185,24.7781,17,5,41,21
"Schneiders","FGOALS-g3","SSP2","2050",73,101,123,3.47,1.37,12.0078852272727,0.4481,23.957,17,7,38,16
"Schneiders","FIO-ESM-2-0","SSP2","2050",77,103,124,2.35,0.69,12.5551643939394,0.7522,24.7311,16,6,35,13
"Schneiders","GFDL-ESM4","SSP2","2050",75,101,122,2.66,1.02,12.7761534090909,0.6789,25.1999,20,6,36,16
"Schneiders","HadGEM3-GC31-LL","SSP2","2050",82,108,127,3.01,1.01,12.6267784090909,0.7123,25.0704,18,7,38,15
"Schneiders","INM-CM4-8","SSP2","2050",82,109,127,2.84,0.84,12.4414117424242,0.7377,24.4344,16,4,40,12
"Schneiders","INM-CM5-0","SSP2","2050",73,103,126,4.71,1.64,11.4166310606061,-0.6713,23.6689,35,14,57,30
"Schneiders","IPSL-CM6A-LR","SSP2","2050",72,105,125,3.12,0.83,11.8397075757576,0.3828,23.5858,22,6,45,15
"Schneiders","MIROC6","SSP2","2050",73,104,125,4.2,1.53,12.1204026515151,-0.1478,24.8123,28,11,48,23
"Schneiders","MPI-ESM1-2-LR","SSP2","2050",76,109.5,128,3.86,1.02,11.8545818181818,0.1516,23.9833,26,9,49,21
"Schneiders","MRI-ESM2-0","SSP2","2050",85,110,128,3.12,1.11,12.6088287878788,0.3153,25.1143,19,6,42,20
"Schneiders","NESM3","SSP2","2050",82,108,125,1.73,0.57,13.4589196969697,1.5966,25.5895,12,3,29,7
"Schneiders","ACCESS-CM2","SSP3","2050",73,103.5,124,2.94,1,12.1356473484849,0.5471,24.3556,18,7,43,16
"Schneiders","AWI-CM-1-1-MR","SSP3","2050",77,102,123,1.38,0.47,13.5604666666667,1.9871,25.686,10,5,23,9
"Schneiders","CNRM-CM6-1-HR","SSP3","2050",67,101.5,123,4.46,1.6,11.5594541666667,-0.00539999999999999,23.7552,24,11,49,22
"Schneiders","CNRM-ESM2-1","SSP3","2050",85,112,129,3.17,1.14,12.5955560606061,0.3175,24.7996,19,8,41,18
"Schneiders","EC-Earth3-AerChem","SSP3","2050",73,106,126,3.98,1.06,11.8183613636364,-0.1505,24.3139,33,11,53,24
"Schneiders","EC-Earth3-Veg-LR","SSP3","2050",72,101,123,3.12,1.26,12.0526556818182,0.6938,23.8757,18,7,36,16
"Schneiders","FGOALS-g3","SSP3","2050",75,102,123,2.42,0.82,12.5492640151515,0.9142,24.6571,18,6,36,14
"Schneiders","GFDL-ESM4","SSP3","2050",71,103,122,2.47,0.85,12.5569268939394,0.7223,24.8929,21,7,38,14
"Schneiders","INM-CM4-8","SSP3","2050",83,111,128,2.97,0.88,12.5733693181818,0.4259,24.9205,19,4,42,16
"Schneiders","INM-CM5-0","SSP3","2050",61,94.5,121,5.28,1.76,10.9909215909091,-0.2963,22.647,35,14,50,24
"Schneiders","IPSL-CM6A-LR","SSP3","2050",71,104,125,3.45,1,11.9979640151515,0.3885,24.1362,24,8,46,15
"Schneiders","MIROC6","SSP3","2050",72,102.5,123,3.23,1.19,12.137025,0.345,24.4838,21,8,45,19
"Schneiders","MPI-ESM1-2-LR","SSP3","2050",75,106,126,2.56,0.51,12.0943106060606,0.8075,23.7554,15,3,40,9
"Schneiders","MRI-ESM2-0","SSP3","2050",80,106.5,127,3.22,0.93,12.3296386363636,0.3365,24.8013,18,6,45,19
"Schneiders","ACCESS-CM2","SSP5","2050",71,99,122,3.68,1.45,12.0281496212121,0.3996,23.9287,19,10,37,20
"Schneiders","AWI-CM-1-1-MR","SSP5","2050",69,101.5,122,1.64,0.62,12.6109791666667,1.9528,23.6913,9,6,23,10
"Schneiders","CIESM","SSP5","2050",78,105,125,4.99,1.59,12.4271871212121,-0.6338,26.2864,33,10,61,28
"Schneiders","CMCC-ESM2","SSP5","2050",73,102.5,124,3.57,1.28,12.0703159090909,0.2509,24.3992,21,9,46,19
"Schneiders","CNRM-CM6-1-HR","SSP5","2050",62,96,120,4.3,1.39,11.4847465909091,0.3317,23.0753,26,9,42,21
"Schneiders","CNRM-ESM2-1","SSP5","2050",82,112.5,129,3.59,1.3,12.409575,0.1909,24.4249,22,7,44,19
"Schneiders","EC-Earth3-CC","SSP5","2050",86,113,129,2.33,0.79,12.8385810606061,0.7993,24.6517,19,9,34,12
"Schneiders","EC-Earth3-Veg-LR","SSP5","2050",79,108,127,3.42,1.13,12.2998246212121,0.3904,24.6538,21,9,42,19
"Schneiders","FGOALS-g3","SSP5","2050",71,100,123,3.24,1.25,12.0117689393939,0.6497,23.8644,18,7,33,17
"Schneiders","FIO-ESM-2-0","SSP5","2050",73,100,120,3.01,1.28,12.7064602272727,0.7102,25.1039,18,9,34,17
"Schneiders","GFDL-ESM4","SSP5","2050",67,97.5,120,3.33,1.33,12.2440549242424,0.8006,24.1301,20,11,34,20
"Schneiders","HadGEM3-GC31-LL","SSP5","2050",74,102,123,2.08,0.64,12.6505443181818,1.0936,24.7564,16,5,32,12
"Schneiders","HadGEM3-GC31-MM","SSP5","2050",77,104.5,123,1.81,0.55,13.3758196969697,1.3355,26.0608,10,4,27,8
"Schneiders","INM-CM4-8","SSP5","2050",82,108,127,2.5,0.72,12.6406170454545,1.0709,24.7941,17,4,32,10
"Schneiders","INM-CM5-0","SSP5","2050",66,101,122,4.08,1.52,11.7457125,0.3059,23.6518,22,10,41,19
"Schneiders","IPSL-CM6A-LR","SSP5","2050",68,101,122,3.06,1.17,11.9200079545455,0.8438,23.6875,18,9,33,15
"Schneiders","MIROC6","SSP5","2050",72,102,122,2.96,1.02,12.2572946969697,0.4842,24.516,18,7,40,15
"Schneiders","MPI-ESM1-2-LR","SSP5","2050",79,109,128,2.94,0.83,11.9843632575758,0.4662,23.9096,22,7,39,20
"Schneiders","MRI-ESM2-0","SSP5","2050",79,105,125,2.76,0.65,12.6586310606061,0.5565,25.4761,17,5,42,11
"Schneiders","NESM3","SSP5","2050",74,104,122,1.39,0.4,13.4630481060606,1.8685,25.5298,11,4,24,9
"Schneiders","ACCESS-CM2","SSP1","2085",67,100,121,3.38,1.4,11.9913321969697,0.4012,24.1423,18,10,36,17
"Schneiders","AWI-CM-1-1-MR","SSP1","2085",78,105,126,1.54,0.41,12.7677689393939,1.6125,24.4194,10,4,25,7
"Schneiders","CIESM","SSP1","2085",91,113,128,8.15,3.56,12.7300928030303,-2.4546,27.7694,52,22,72,49
"Schneiders","CMCC-ESM2","SSP1","2085",67,96,119,3.68,1.43,12.2702140151515,0.5492,24.2704,23,11,38,20
"Schneiders","CNRM-CM6-1-HR","SSP1","2085",63,97,122,3.96,1.44,11.3851632575758,0.2445,22.7366,25,9,40,20
"Schneiders","CNRM-ESM2-1","SSP1","2085",85,113,129,3.48,1.27,12.5098121212121,0.1191,24.7392,22,9,44,19
"Schneiders","EC-Earth3-Veg-LR","SSP1","2085",82,111,128,3.6,1.15,12.5012026515152,0.3086,24.9434,24,6,46,20
"Schneiders","FGOALS-g3","SSP1","2085",83,107,125,1.75,0.52,13.4215481060606,1.3491,26.0747,12,4,30,7
"Schneiders","FIO-ESM-2-0","SSP1","2085",81,107,127,3.02,0.75,12.1769988636364,0.5387,24.3616,21,6,43,18
"Schneiders","GFDL-ESM4","SSP1","2085",83,108,127,3.35,1.1,12.5517632575758,0.453,25.2342,22,6,42,22
"Schneiders","HadGEM3-GC31-LL","SSP1","2085",80,105,124,1.93,0.57,13.2572060606061,1.2264,25.9783,13,4,31,7
"Schneiders","HadGEM3-GC31-MM","SSP1","2085",77,104,124,2.27,0.65,12.7686549242424,0.9836,25.2356,15,6,35,10
"Schneiders","INM-CM4-8","SSP1","2085",80,106.5,126,1.9,0.28,12.6616363636364,1.0005,24.7501,17,2,37,8
"Schneiders","INM-CM5-0","SSP1","2085",72,105,126,3.61,1.05,11.823765530303,-0.1901,24.269,29,11,53,22
"Schneiders","IPSL-CM6A-LR","SSP1","2085",71,103,125,3.44,1.17,11.7164181818182,0.2571,23.5557,23,7,47,18
"Schneiders","MIROC6","SSP1","2085",77,106,125,3.53,0.99,12.3565606060606,-0.1041,25.2314,29,8,55,22
"Schneiders","MPI-ESM1-2-LR","SSP1","2085",78,108.5,128,3.48,1.07,11.904525,0.0053,24.0247,25,8,50,25
"Schneiders","MRI-ESM2-0","SSP1","2085",93,117.5,134,4.43,1.45,12.4792787878788,-0.3632,25.4004,28,12,52,23
"Schneiders","NESM3","SSP1","2085",74,104.5,124,1.94,0.53,12.8989583333333,1.3126,25.3008,14,5,33,9
"Schneiders","ACCESS-CM2","SSP2","2085",71,99.5,120,2.82,1.21,12.7251772727273,1.1063,24.7787,16,8,27,15
"Schneiders","AWI-CM-1-1-MR","SSP2","2085",69,100,120,2.14,0.95,13.0788848484848,1.7133,24.7958,14,6,24,12
"Schneiders","CIESM","SSP2","2085",80,104,123,4.99,1.65,12.6999931818182,-0.7272,26.878,32,10,63,28
"Schneiders","CMCC-ESM2","SSP2","2085",66,95,118,3.82,1.43,12.2368734848485,0.4536,24.3182,25,12,41,21
"Schneiders","CNRM-CM6-1-HR","SSP2","2085",61,96.5,118,3.86,1.33,11.6501700757576,0.4805,23.2045,24,11,40,23
"Schneiders","CNRM-ESM2-1","SSP2","2085",80,109,129,4.31,1.47,12.0768276515152,0.00109999999999999,24.4882,31,9,52,24
"Schneiders","EC-Earth3-CC","SSP2","2085",71,104,125,2.71,1.01,12.4775295454545,0.8171,24.6804,20,8,37,15
"Schneiders","EC-Earth3-Veg-LR","SSP2","2085",71,101,122,2.92,1.27,12.1932306818182,0.6844,24.1427,17,9,35,16
"Schneiders","FGOALS-g3","SSP2","2085",78,104,124,2.34,0.68,12.8013284090909,0.813,25.2856,18,5,37,13
"Schneiders","FIO-ESM-2-0","SSP2","2085",71,100,120,2.85,1.18,12.471771969697,0.991,24.2311,16,8,31,16
"Schneiders","GFDL-ESM4","SSP2","2085",71,101,120,2.56,1.14,12.6757617424242,0.9308,24.8284,16,8,32,14
"Schneiders","HadGEM3-GC31-LL","SSP2","2085",67,97,120,3.22,1.19,12.6019321969697,1.0019,24.6145,21,9,32,19
"Schneiders","INM-CM4-8","SSP2","2085",80,106,126,2.74,0.65,12.6208753787879,0.7288,25.0655,18,5,42,9
"Schneiders","INM-CM5-0","SSP2","2085",69,99.5,123,4.08,1.64,11.5339700757576,0.292,23.3387,19,10,39,21
"Schneiders","IPSL-CM6A-LR","SSP2","2085",64,99,121,2.2,0.78,12.1271242424242,1.0457,23.7147,14,5,32,11
"Schneiders","MIROC6","SSP2","2085",68,101,122,4.53,1.79,11.8785340909091,-0.2082,24.4286,24,12,51,22
"Schneiders","MPI-ESM1-2-LR","SSP2","2085",73,103.5,125,3.22,1,12.0746007575758,0.309,24.1698,23,8,45,16
"Schneiders","MRI-ESM2-0","SSP2","2085",81,107.5,127,3.94,1.3,12.1227833333333,0.0126,24.8417,27,10,50,22
"Schneiders","NESM3","SSP2","2085",76,105,122,1.46,0.5,13.550309469697,1.8455,25.9769,9,5,24,8
"Schneiders","ACCESS-CM2","SSP3","2085",63,94,116,3.35,1.05,12.5191856060606,0.74,24.5963,24,9,41,21
"Schneiders","AWI-CM-1-1-MR","SSP3","2085",63,96,117,1.11,0.31,13.3872583333333,3.1119,24.1807,9,2,21,7
"Schneiders","CNRM-CM6-1-HR","SSP3","2085",55,87,112,2.91,0.88,11.5453268939394,0.9685,22.6918,16,7,37,12
"Schneiders","CNRM-ESM2-1","SSP3","2085",66,103,122,2.85,1.09,12.2368397727273,0.714,24.3684,20,8,38,14
"Schneiders","EC-Earth3-AerChem","SSP3","2085",59,91,118,4.38,1.32,11.7372863636364,0.293,23.3955,28,12,46,27
"Schneiders","EC-Earth3-Veg-LR","SSP3","2085",61,95,118,2.83,0.96,12.4574212121212,1.2471,23.9406,21,8,33,19
"Schneiders","FGOALS-g3","SSP3","2085",71,99.5,121,3.24,1.35,12.4216681818182,0.7661,24.3813,18,10,32,18
"Schneiders","GFDL-ESM4","SSP3","2085",68,95.5,119,3.62,1.4,12.7181238636364,0.6164,25.2134,22,11,35,22
"Schneiders","INM-CM4-8","SSP3","2085",70,101,122,2.44,1.08,12.4210685606061,1.252,24.0967,15,7,25,12
"Schneiders","INM-CM5-0","SSP3","2085",61,93,118,4.15,1.45,11.7153943181818,0.3297,23.2199,30,14,47,23
"Schneiders","IPSL-CM6A-LR","SSP3","2085",58,90,115,4.03,1.08,11.9032371212121,0.8143,23.4482,23,7,43,19
"Schneiders","MIROC6","SSP3","2085",61,94,116,3.39,1.19,12.2602090909091,0.7136,24.1216,22,10,40,19
"Schneiders","MPI-ESM1-2-LR","SSP3","2085",62,96.5,119,2.46,0.86,12.1549772727273,1.3651,23.3572,16,4,29,14
"Schneiders","MRI-ESM2-0","SSP3","2085",75,104,124,2.99,0.84,12.3570234848485,0.3874,25.0522,21,7,46,18
"Schneiders","ACCESS-CM2","SSP5","2085",64,90,112,2.7,0.86,12.6791265151515,1.3339,24.3927,18,4,34,14
"Schneiders","AWI-CM-1-1-MR","SSP5","2085",62,92,112,0.72,0.19,13.6137102272727,3.5844,24.209,5,2,12,3
"Schneiders","CIESM","SSP5","2085",67,89,110,3.63,1.17,12.9154053030303,0.1578,26.551,29,8,47,23
"Schneiders","CMCC-ESM2","SSP5","2085",61,90,113,2.68,0.73,12.4337223484848,1.1908,24.1957,21,4,35,15
"Schneiders","CNRM-CM6-1-HR","SSP5","2085",55,84,112,2.08,0.52,11.5979234848485,1.0772,22.3768,19,4,34,13
"Schneiders","CNRM-ESM2-1","SSP5","2085",62,99,120,2.23,0.86,12.4909003787879,1.1919,24.3262,15,6,28,13
"Schneiders","EC-Earth3-CC","SSP5","2085",63,94,118,2.05,0.61,12.7418473484849,1.8068,24.2256,16,5,25,10
"Schneiders","EC-Earth3-Veg-LR","SSP5","2085",60,88,112,1.38,0.39,12.3640666666667,2.2502,23.0433,10,4,22,9
"Schneiders","FGOALS-g3","SSP5","2085",67,95,116,2.38,0.8,12.9840579545455,1.5161,24.7091,17,4,26,16
"Schneiders","FIO-ESM-2-0","SSP5","2085",62,91,113,2.51,0.69,12.5323996212121,1.248,24.0517,18,5,35,16
"Schneiders","GFDL-ESM4","SSP5","2085",62,93,115,2.7,0.85,12.5541507575758,1.2434,24.1119,22,8,36,18
"Schneiders","HadGEM3-GC31-LL","SSP5","2085",68,96,114,2.16,0.77,13.581346969697,1.9329,25.7049,14,5,24,11
"Schneiders","HadGEM3-GC31-MM","SSP5","2085",69,94,113,1.85,0.72,13.6725863636364,2.2592,25.5378,14,5,20,9
"Schneiders","INM-CM4-8","SSP5","2085",67,98,119,2.64,1.04,12.5910356060606,1.492,24.2163,17,6,28,16
"Schneiders","INM-CM5-0","SSP5","2085",60,94,118,4.63,1.7,11.8033943181818,0.1037,23.4527,34,14,47,25
"Schneiders","IPSL-CM6A-LR","SSP5","2085",61,92.5,113,1.74,0.59,13.3154268939394,2.4279,24.8236,11,4,21,8
"Schneiders","MIROC6","SSP5","2085",59,89,111,2.93,0.87,12.1970727272727,0.8425,23.7893,23,9,40,18
"Schneiders","MPI-ESM1-2-LR","SSP5","2085",62,96,119,2.66,0.89,12.5460242424242,1.3706,24.268,19,7,30,15
"Schneiders","MRI-ESM2-0","SSP5","2085",69,99,121,3.41,1.4,12.2791227272727,0.6041,24.3833,19,9,37,17
"Schneiders","NESM3","SSP5","2085",65,95,114,1.7,0.45,13.3046640151515,2.1456,25.1332,14,3,23,9
